subject,question_no,chapter,detected_concept,review_action,reason,example_policy,examples_count,quick_points_count
SQL,1,제1장 SELECT 기본 조회,SELECT 기본 조회,전수 검토 후 학습하기 재매칭,"실제 문제 코드/지문 기준으로 핵심 개념, 예시, 풀이 순서, 자주 하는 실수를 다시 맞춤",문제와 같은 코드·숫자·문자열을 그대로 반복하지 않고 같은 개념의 다른 예시 사용,2,3
SQL,2,제1장 SELECT 기본 조회,SELECT 기본 조회,전수 검토 후 학습하기 재매칭,"실제 문제 코드/지문 기준으로 핵심 개념, 예시, 풀이 순서, 자주 하는 실수를 다시 맞춤",문제와 같은 코드·숫자·문자열을 그대로 반복하지 않고 같은 개념의 다른 예시 사용,2,3
SQL,3,제1장 SELECT 기본 조회,SELECT 기본 조회,전수 검토 후 학습하기 재매칭,"실제 문제 코드/지문 기준으로 핵심 개념, 예시, 풀이 순서, 자주 하는 실수를 다시 맞춤",문제와 같은 코드·숫자·문자열을 그대로 반복하지 않고 같은 개념의 다른 예시 사용,2,3
SQL,4,제1장 SELECT 기본 조회,SELECT 기본 조회,전수 검토 후 학습하기 재매칭,"실제 문제 코드/지문 기준으로 핵심 개념, 예시, 풀이 순서, 자주 하는 실수를 다시 맞춤",문제와 같은 코드·숫자·문자열을 그대로 반복하지 않고 같은 개념의 다른 예시 사용,2,3
SQL,5,제1장 SELECT 기본 조회,논리 조건과 NULL,전수 검토 후 학습하기 재매칭,"실제 문제 코드/지문 기준으로 핵심 개념, 예시, 풀이 순서, 자주 하는 실수를 다시 맞춤",문제와 같은 코드·숫자·문자열을 그대로 반복하지 않고 같은 개념의 다른 예시 사용,2,3
SQL,6,제1장 SELECT 기본 조회,SELECT 기본 조회,전수 검토 후 학습하기 재매칭,"실제 문제 코드/지문 기준으로 핵심 개념, 예시, 풀이 순서, 자주 하는 실수를 다시 맞춤",문제와 같은 코드·숫자·문자열을 그대로 반복하지 않고 같은 개념의 다른 예시 사용,2,3
SQL,7,제1장 SELECT 기본 조회,논리 조건과 NULL,전수 검토 후 학습하기 재매칭,"실제 문제 코드/지문 기준으로 핵심 개념, 예시, 풀이 순서, 자주 하는 실수를 다시 맞춤",문제와 같은 코드·숫자·문자열을 그대로 반복하지 않고 같은 개념의 다른 예시 사용,2,3
SQL,8,제1장 SELECT 기본 조회,SELECT 기본 조회,전수 검토 후 학습하기 재매칭,"실제 문제 코드/지문 기준으로 핵심 개념, 예시, 풀이 순서, 자주 하는 실수를 다시 맞춤",문제와 같은 코드·숫자·문자열을 그대로 반복하지 않고 같은 개념의 다른 예시 사용,2,3
SQL,9,제1장 SELECT 기본 조회,SELECT 기본 조회,전수 검토 후 학습하기 재매칭,"실제 문제 코드/지문 기준으로 핵심 개념, 예시, 풀이 순서, 자주 하는 실수를 다시 맞춤",문제와 같은 코드·숫자·문자열을 그대로 반복하지 않고 같은 개념의 다른 예시 사용,2,3
SQL,10,제1장 SELECT 기본 조회,SELECT 기본 조회,전수 검토 후 학습하기 재매칭,"실제 문제 코드/지문 기준으로 핵심 개념, 예시, 풀이 순서, 자주 하는 실수를 다시 맞춤",문제와 같은 코드·숫자·문자열을 그대로 반복하지 않고 같은 개념의 다른 예시 사용,2,3
SQL,11,제2장 WHERE 조건식 기초,WHERE 조건식,전수 검토 후 학습하기 재매칭,"실제 문제 코드/지문 기준으로 핵심 개념, 예시, 풀이 순서, 자주 하는 실수를 다시 맞춤",문제와 같은 코드·숫자·문자열을 그대로 반복하지 않고 같은 개념의 다른 예시 사용,1,3
SQL,12,제2장 WHERE 조건식 기초,WHERE 조건식,전수 검토 후 학습하기 재매칭,"실제 문제 코드/지문 기준으로 핵심 개념, 예시, 풀이 순서, 자주 하는 실수를 다시 맞춤",문제와 같은 코드·숫자·문자열을 그대로 반복하지 않고 같은 개념의 다른 예시 사용,1,3
SQL,13,제2장 WHERE 조건식 기초,WHERE 조건식,전수 검토 후 학습하기 재매칭,"실제 문제 코드/지문 기준으로 핵심 개념, 예시, 풀이 순서, 자주 하는 실수를 다시 맞춤",문제와 같은 코드·숫자·문자열을 그대로 반복하지 않고 같은 개념의 다른 예시 사용,1,3
SQL,14,제2장 WHERE 조건식 기초,논리 조건과 NULL,전수 검토 후 학습하기 재매칭,"실제 문제 코드/지문 기준으로 핵심 개념, 예시, 풀이 순서, 자주 하는 실수를 다시 맞춤",문제와 같은 코드·숫자·문자열을 그대로 반복하지 않고 같은 개념의 다른 예시 사용,2,3
SQL,15,제2장 WHERE 조건식 기초,WHERE 조건식,전수 검토 후 학습하기 재매칭,"실제 문제 코드/지문 기준으로 핵심 개념, 예시, 풀이 순서, 자주 하는 실수를 다시 맞춤",문제와 같은 코드·숫자·문자열을 그대로 반복하지 않고 같은 개념의 다른 예시 사용,1,3
SQL,16,제2장 WHERE 조건식 기초,WHERE 조건식,전수 검토 후 학습하기 재매칭,"실제 문제 코드/지문 기준으로 핵심 개념, 예시, 풀이 순서, 자주 하는 실수를 다시 맞춤",문제와 같은 코드·숫자·문자열을 그대로 반복하지 않고 같은 개념의 다른 예시 사용,1,3
SQL,17,제2장 WHERE 조건식 기초,논리 조건과 NULL,전수 검토 후 학습하기 재매칭,"실제 문제 코드/지문 기준으로 핵심 개념, 예시, 풀이 순서, 자주 하는 실수를 다시 맞춤",문제와 같은 코드·숫자·문자열을 그대로 반복하지 않고 같은 개념의 다른 예시 사용,2,3
SQL,18,제2장 WHERE 조건식 기초,WHERE 조건식,전수 검토 후 학습하기 재매칭,"실제 문제 코드/지문 기준으로 핵심 개념, 예시, 풀이 순서, 자주 하는 실수를 다시 맞춤",문제와 같은 코드·숫자·문자열을 그대로 반복하지 않고 같은 개념의 다른 예시 사용,1,3
SQL,19,제2장 WHERE 조건식 기초,WHERE 조건식,전수 검토 후 학습하기 재매칭,"실제 문제 코드/지문 기준으로 핵심 개념, 예시, 풀이 순서, 자주 하는 실수를 다시 맞춤",문제와 같은 코드·숫자·문자열을 그대로 반복하지 않고 같은 개념의 다른 예시 사용,1,3
SQL,20,제2장 WHERE 조건식 기초,WHERE 조건식,전수 검토 후 학습하기 재매칭,"실제 문제 코드/지문 기준으로 핵심 개념, 예시, 풀이 순서, 자주 하는 실수를 다시 맞춤",문제와 같은 코드·숫자·문자열을 그대로 반복하지 않고 같은 개념의 다른 예시 사용,1,3
SQL,21,제3장 AND / OR / NOT / NULL 처리,논리 조건과 NULL,전수 검토 후 학습하기 재매칭,"실제 문제 코드/지문 기준으로 핵심 개념, 예시, 풀이 순서, 자주 하는 실수를 다시 맞춤",문제와 같은 코드·숫자·문자열을 그대로 반복하지 않고 같은 개념의 다른 예시 사용,2,3
SQL,22,제3장 AND / OR / NOT / NULL 처리,논리 조건과 NULL,전수 검토 후 학습하기 재매칭,"실제 문제 코드/지문 기준으로 핵심 개념, 예시, 풀이 순서, 자주 하는 실수를 다시 맞춤",문제와 같은 코드·숫자·문자열을 그대로 반복하지 않고 같은 개념의 다른 예시 사용,2,3
SQL,23,제3장 AND / OR / NOT / NULL 처리,논리 조건과 NULL,전수 검토 후 학습하기 재매칭,"실제 문제 코드/지문 기준으로 핵심 개념, 예시, 풀이 순서, 자주 하는 실수를 다시 맞춤",문제와 같은 코드·숫자·문자열을 그대로 반복하지 않고 같은 개념의 다른 예시 사용,2,3
SQL,24,제3장 AND / OR / NOT / NULL 처리,논리 조건과 NULL,전수 검토 후 학습하기 재매칭,"실제 문제 코드/지문 기준으로 핵심 개념, 예시, 풀이 순서, 자주 하는 실수를 다시 맞춤",문제와 같은 코드·숫자·문자열을 그대로 반복하지 않고 같은 개념의 다른 예시 사용,2,3
SQL,25,제3장 AND / OR / NOT / NULL 처리,논리 조건과 NULL,전수 검토 후 학습하기 재매칭,"실제 문제 코드/지문 기준으로 핵심 개념, 예시, 풀이 순서, 자주 하는 실수를 다시 맞춤",문제와 같은 코드·숫자·문자열을 그대로 반복하지 않고 같은 개념의 다른 예시 사용,2,3
SQL,26,제3장 AND / OR / NOT / NULL 처리,논리 조건과 NULL,전수 검토 후 학습하기 재매칭,"실제 문제 코드/지문 기준으로 핵심 개념, 예시, 풀이 순서, 자주 하는 실수를 다시 맞춤",문제와 같은 코드·숫자·문자열을 그대로 반복하지 않고 같은 개념의 다른 예시 사용,2,3
SQL,27,제3장 AND / OR / NOT / NULL 처리,제약조건,전수 검토 후 학습하기 재매칭,"실제 문제 코드/지문 기준으로 핵심 개념, 예시, 풀이 순서, 자주 하는 실수를 다시 맞춤",문제와 같은 코드·숫자·문자열을 그대로 반복하지 않고 같은 개념의 다른 예시 사용,2,4
SQL,28,제3장 AND / OR / NOT / NULL 처리,논리 조건과 NULL,전수 검토 후 학습하기 재매칭,"실제 문제 코드/지문 기준으로 핵심 개념, 예시, 풀이 순서, 자주 하는 실수를 다시 맞춤",문제와 같은 코드·숫자·문자열을 그대로 반복하지 않고 같은 개념의 다른 예시 사용,2,3
SQL,29,제3장 AND / OR / NOT / NULL 처리,논리 조건과 NULL,전수 검토 후 학습하기 재매칭,"실제 문제 코드/지문 기준으로 핵심 개념, 예시, 풀이 순서, 자주 하는 실수를 다시 맞춤",문제와 같은 코드·숫자·문자열을 그대로 반복하지 않고 같은 개념의 다른 예시 사용,2,3
SQL,30,제3장 AND / OR / NOT / NULL 처리,논리 조건과 NULL,전수 검토 후 학습하기 재매칭,"실제 문제 코드/지문 기준으로 핵심 개념, 예시, 풀이 순서, 자주 하는 실수를 다시 맞춤",문제와 같은 코드·숫자·문자열을 그대로 반복하지 않고 같은 개념의 다른 예시 사용,2,3
SQL,31,제4장 LIKE / 와일드카드 / 문자열 패턴,LIKE와 문자열 패턴,전수 검토 후 학습하기 재매칭,"실제 문제 코드/지문 기준으로 핵심 개념, 예시, 풀이 순서, 자주 하는 실수를 다시 맞춤",문제와 같은 코드·숫자·문자열을 그대로 반복하지 않고 같은 개념의 다른 예시 사용,2,3
SQL,32,제4장 LIKE / 와일드카드 / 문자열 패턴,LIKE와 문자열 패턴,전수 검토 후 학습하기 재매칭,"실제 문제 코드/지문 기준으로 핵심 개념, 예시, 풀이 순서, 자주 하는 실수를 다시 맞춤",문제와 같은 코드·숫자·문자열을 그대로 반복하지 않고 같은 개념의 다른 예시 사용,2,3
SQL,33,제4장 LIKE / 와일드카드 / 문자열 패턴,LIKE와 문자열 패턴,전수 검토 후 학습하기 재매칭,"실제 문제 코드/지문 기준으로 핵심 개념, 예시, 풀이 순서, 자주 하는 실수를 다시 맞춤",문제와 같은 코드·숫자·문자열을 그대로 반복하지 않고 같은 개념의 다른 예시 사용,2,3
SQL,34,제4장 LIKE / 와일드카드 / 문자열 패턴,LIKE와 문자열 패턴,전수 검토 후 학습하기 재매칭,"실제 문제 코드/지문 기준으로 핵심 개념, 예시, 풀이 순서, 자주 하는 실수를 다시 맞춤",문제와 같은 코드·숫자·문자열을 그대로 반복하지 않고 같은 개념의 다른 예시 사용,2,3
SQL,35,제4장 LIKE / 와일드카드 / 문자열 패턴,LIKE와 문자열 패턴,전수 검토 후 학습하기 재매칭,"실제 문제 코드/지문 기준으로 핵심 개념, 예시, 풀이 순서, 자주 하는 실수를 다시 맞춤",문제와 같은 코드·숫자·문자열을 그대로 반복하지 않고 같은 개념의 다른 예시 사용,2,3
SQL,36,제4장 LIKE / 와일드카드 / 문자열 패턴,LIKE와 문자열 패턴,전수 검토 후 학습하기 재매칭,"실제 문제 코드/지문 기준으로 핵심 개념, 예시, 풀이 순서, 자주 하는 실수를 다시 맞춤",문제와 같은 코드·숫자·문자열을 그대로 반복하지 않고 같은 개념의 다른 예시 사용,2,3
SQL,37,제4장 LIKE / 와일드카드 / 문자열 패턴,LIKE와 문자열 패턴,전수 검토 후 학습하기 재매칭,"실제 문제 코드/지문 기준으로 핵심 개념, 예시, 풀이 순서, 자주 하는 실수를 다시 맞춤",문제와 같은 코드·숫자·문자열을 그대로 반복하지 않고 같은 개념의 다른 예시 사용,2,3
SQL,38,제4장 LIKE / 와일드카드 / 문자열 패턴,LIKE와 문자열 패턴,전수 검토 후 학습하기 재매칭,"실제 문제 코드/지문 기준으로 핵심 개념, 예시, 풀이 순서, 자주 하는 실수를 다시 맞춤",문제와 같은 코드·숫자·문자열을 그대로 반복하지 않고 같은 개념의 다른 예시 사용,2,3
SQL,39,제4장 LIKE / 와일드카드 / 문자열 패턴,LIKE와 문자열 패턴,전수 검토 후 학습하기 재매칭,"실제 문제 코드/지문 기준으로 핵심 개념, 예시, 풀이 순서, 자주 하는 실수를 다시 맞춤",문제와 같은 코드·숫자·문자열을 그대로 반복하지 않고 같은 개념의 다른 예시 사용,2,3
SQL,40,제4장 LIKE / 와일드카드 / 문자열 패턴,LIKE와 문자열 패턴,전수 검토 후 학습하기 재매칭,"실제 문제 코드/지문 기준으로 핵심 개념, 예시, 풀이 순서, 자주 하는 실수를 다시 맞춤",문제와 같은 코드·숫자·문자열을 그대로 반복하지 않고 같은 개념의 다른 예시 사용,2,3
SQL,41,제5장 ORDER BY / 기본 집계함수,ORDER BY와 집계,전수 검토 후 학습하기 재매칭,"실제 문제 코드/지문 기준으로 핵심 개념, 예시, 풀이 순서, 자주 하는 실수를 다시 맞춤",문제와 같은 코드·숫자·문자열을 그대로 반복하지 않고 같은 개념의 다른 예시 사용,2,3
SQL,42,제5장 ORDER BY / 기본 집계함수,ORDER BY와 집계,전수 검토 후 학습하기 재매칭,"실제 문제 코드/지문 기준으로 핵심 개념, 예시, 풀이 순서, 자주 하는 실수를 다시 맞춤",문제와 같은 코드·숫자·문자열을 그대로 반복하지 않고 같은 개념의 다른 예시 사용,2,3
SQL,43,제5장 ORDER BY / 기본 집계함수,서브쿼리,전수 검토 후 학습하기 재매칭,"실제 문제 코드/지문 기준으로 핵심 개념, 예시, 풀이 순서, 자주 하는 실수를 다시 맞춤",문제와 같은 코드·숫자·문자열을 그대로 반복하지 않고 같은 개념의 다른 예시 사용,1,3
SQL,44,제5장 ORDER BY / 기본 집계함수,ORDER BY와 집계,전수 검토 후 학습하기 재매칭,"실제 문제 코드/지문 기준으로 핵심 개념, 예시, 풀이 순서, 자주 하는 실수를 다시 맞춤",문제와 같은 코드·숫자·문자열을 그대로 반복하지 않고 같은 개념의 다른 예시 사용,2,3
SQL,45,제5장 ORDER BY / 기본 집계함수,ORDER BY와 집계,전수 검토 후 학습하기 재매칭,"실제 문제 코드/지문 기준으로 핵심 개념, 예시, 풀이 순서, 자주 하는 실수를 다시 맞춤",문제와 같은 코드·숫자·문자열을 그대로 반복하지 않고 같은 개념의 다른 예시 사용,2,3
SQL,46,제5장 ORDER BY / 기본 집계함수,서브쿼리,전수 검토 후 학습하기 재매칭,"실제 문제 코드/지문 기준으로 핵심 개념, 예시, 풀이 순서, 자주 하는 실수를 다시 맞춤",문제와 같은 코드·숫자·문자열을 그대로 반복하지 않고 같은 개념의 다른 예시 사용,1,3
SQL,47,제5장 ORDER BY / 기본 집계함수,ORDER BY와 집계,전수 검토 후 학습하기 재매칭,"실제 문제 코드/지문 기준으로 핵심 개념, 예시, 풀이 순서, 자주 하는 실수를 다시 맞춤",문제와 같은 코드·숫자·문자열을 그대로 반복하지 않고 같은 개념의 다른 예시 사용,2,3
SQL,48,제5장 ORDER BY / 기본 집계함수,ORDER BY와 집계,전수 검토 후 학습하기 재매칭,"실제 문제 코드/지문 기준으로 핵심 개념, 예시, 풀이 순서, 자주 하는 실수를 다시 맞춤",문제와 같은 코드·숫자·문자열을 그대로 반복하지 않고 같은 개념의 다른 예시 사용,2,3
SQL,49,제5장 ORDER BY / 기본 집계함수,서브쿼리,전수 검토 후 학습하기 재매칭,"실제 문제 코드/지문 기준으로 핵심 개념, 예시, 풀이 순서, 자주 하는 실수를 다시 맞춤",문제와 같은 코드·숫자·문자열을 그대로 반복하지 않고 같은 개념의 다른 예시 사용,1,3
SQL,50,제5장 ORDER BY / 기본 집계함수,ORDER BY와 집계,전수 검토 후 학습하기 재매칭,"실제 문제 코드/지문 기준으로 핵심 개념, 예시, 풀이 순서, 자주 하는 실수를 다시 맞춤",문제와 같은 코드·숫자·문자열을 그대로 반복하지 않고 같은 개념의 다른 예시 사용,2,3
SQL,51,제6장 GROUP BY / HAVING,서브쿼리,전수 검토 후 학습하기 재매칭,"실제 문제 코드/지문 기준으로 핵심 개념, 예시, 풀이 순서, 자주 하는 실수를 다시 맞춤",문제와 같은 코드·숫자·문자열을 그대로 반복하지 않고 같은 개념의 다른 예시 사용,1,3
SQL,52,제6장 GROUP BY / HAVING,GROUP BY와 HAVING,전수 검토 후 학습하기 재매칭,"실제 문제 코드/지문 기준으로 핵심 개념, 예시, 풀이 순서, 자주 하는 실수를 다시 맞춤",문제와 같은 코드·숫자·문자열을 그대로 반복하지 않고 같은 개념의 다른 예시 사용,2,3
SQL,53,제6장 GROUP BY / HAVING,GROUP BY와 HAVING,전수 검토 후 학습하기 재매칭,"실제 문제 코드/지문 기준으로 핵심 개념, 예시, 풀이 순서, 자주 하는 실수를 다시 맞춤",문제와 같은 코드·숫자·문자열을 그대로 반복하지 않고 같은 개념의 다른 예시 사용,2,3
SQL,54,제6장 GROUP BY / HAVING,서브쿼리,전수 검토 후 학습하기 재매칭,"실제 문제 코드/지문 기준으로 핵심 개념, 예시, 풀이 순서, 자주 하는 실수를 다시 맞춤",문제와 같은 코드·숫자·문자열을 그대로 반복하지 않고 같은 개념의 다른 예시 사용,1,3
SQL,55,제6장 GROUP BY / HAVING,GROUP BY와 HAVING,전수 검토 후 학습하기 재매칭,"실제 문제 코드/지문 기준으로 핵심 개념, 예시, 풀이 순서, 자주 하는 실수를 다시 맞춤",문제와 같은 코드·숫자·문자열을 그대로 반복하지 않고 같은 개념의 다른 예시 사용,2,3
SQL,56,제6장 GROUP BY / HAVING,서브쿼리,전수 검토 후 학습하기 재매칭,"실제 문제 코드/지문 기준으로 핵심 개념, 예시, 풀이 순서, 자주 하는 실수를 다시 맞춤",문제와 같은 코드·숫자·문자열을 그대로 반복하지 않고 같은 개념의 다른 예시 사용,1,3
SQL,57,제6장 GROUP BY / HAVING,GROUP BY와 HAVING,전수 검토 후 학습하기 재매칭,"실제 문제 코드/지문 기준으로 핵심 개념, 예시, 풀이 순서, 자주 하는 실수를 다시 맞춤",문제와 같은 코드·숫자·문자열을 그대로 반복하지 않고 같은 개념의 다른 예시 사용,2,3
SQL,58,제6장 GROUP BY / HAVING,서브쿼리,전수 검토 후 학습하기 재매칭,"실제 문제 코드/지문 기준으로 핵심 개념, 예시, 풀이 순서, 자주 하는 실수를 다시 맞춤",문제와 같은 코드·숫자·문자열을 그대로 반복하지 않고 같은 개념의 다른 예시 사용,1,3
SQL,59,제6장 GROUP BY / HAVING,GROUP BY와 HAVING,전수 검토 후 학습하기 재매칭,"실제 문제 코드/지문 기준으로 핵심 개념, 예시, 풀이 순서, 자주 하는 실수를 다시 맞춤",문제와 같은 코드·숫자·문자열을 그대로 반복하지 않고 같은 개념의 다른 예시 사용,2,3
SQL,60,제6장 GROUP BY / HAVING,서브쿼리,전수 검토 후 학습하기 재매칭,"실제 문제 코드/지문 기준으로 핵심 개념, 예시, 풀이 순서, 자주 하는 실수를 다시 맞춤",문제와 같은 코드·숫자·문자열을 그대로 반복하지 않고 같은 개념의 다른 예시 사용,1,3
SQL,61,제7장 INSERT,INSERT,전수 검토 후 학습하기 재매칭,"실제 문제 코드/지문 기준으로 핵심 개념, 예시, 풀이 순서, 자주 하는 실수를 다시 맞춤",문제와 같은 코드·숫자·문자열을 그대로 반복하지 않고 같은 개념의 다른 예시 사용,1,3
SQL,62,제7장 INSERT,INSERT,전수 검토 후 학습하기 재매칭,"실제 문제 코드/지문 기준으로 핵심 개념, 예시, 풀이 순서, 자주 하는 실수를 다시 맞춤",문제와 같은 코드·숫자·문자열을 그대로 반복하지 않고 같은 개념의 다른 예시 사용,1,3
SQL,63,제7장 INSERT,INSERT,전수 검토 후 학습하기 재매칭,"실제 문제 코드/지문 기준으로 핵심 개념, 예시, 풀이 순서, 자주 하는 실수를 다시 맞춤",문제와 같은 코드·숫자·문자열을 그대로 반복하지 않고 같은 개념의 다른 예시 사용,1,3
SQL,64,제7장 INSERT,INSERT,전수 검토 후 학습하기 재매칭,"실제 문제 코드/지문 기준으로 핵심 개념, 예시, 풀이 순서, 자주 하는 실수를 다시 맞춤",문제와 같은 코드·숫자·문자열을 그대로 반복하지 않고 같은 개념의 다른 예시 사용,1,3
SQL,65,제7장 INSERT,INSERT,전수 검토 후 학습하기 재매칭,"실제 문제 코드/지문 기준으로 핵심 개념, 예시, 풀이 순서, 자주 하는 실수를 다시 맞춤",문제와 같은 코드·숫자·문자열을 그대로 반복하지 않고 같은 개념의 다른 예시 사용,1,3
SQL,66,제7장 INSERT,INSERT,전수 검토 후 학습하기 재매칭,"실제 문제 코드/지문 기준으로 핵심 개념, 예시, 풀이 순서, 자주 하는 실수를 다시 맞춤",문제와 같은 코드·숫자·문자열을 그대로 반복하지 않고 같은 개념의 다른 예시 사용,1,3
SQL,67,제7장 INSERT,INSERT,전수 검토 후 학습하기 재매칭,"실제 문제 코드/지문 기준으로 핵심 개념, 예시, 풀이 순서, 자주 하는 실수를 다시 맞춤",문제와 같은 코드·숫자·문자열을 그대로 반복하지 않고 같은 개념의 다른 예시 사용,1,3
SQL,68,제7장 INSERT,INSERT,전수 검토 후 학습하기 재매칭,"실제 문제 코드/지문 기준으로 핵심 개념, 예시, 풀이 순서, 자주 하는 실수를 다시 맞춤",문제와 같은 코드·숫자·문자열을 그대로 반복하지 않고 같은 개념의 다른 예시 사용,1,3
SQL,69,제7장 INSERT,INSERT,전수 검토 후 학습하기 재매칭,"실제 문제 코드/지문 기준으로 핵심 개념, 예시, 풀이 순서, 자주 하는 실수를 다시 맞춤",문제와 같은 코드·숫자·문자열을 그대로 반복하지 않고 같은 개념의 다른 예시 사용,1,3
SQL,70,제7장 INSERT,INSERT,전수 검토 후 학습하기 재매칭,"실제 문제 코드/지문 기준으로 핵심 개념, 예시, 풀이 순서, 자주 하는 실수를 다시 맞춤",문제와 같은 코드·숫자·문자열을 그대로 반복하지 않고 같은 개념의 다른 예시 사용,1,3
SQL,71,제8장 UPDATE,UPDATE,전수 검토 후 학습하기 재매칭,"실제 문제 코드/지문 기준으로 핵심 개념, 예시, 풀이 순서, 자주 하는 실수를 다시 맞춤",문제와 같은 코드·숫자·문자열을 그대로 반복하지 않고 같은 개념의 다른 예시 사용,1,3
SQL,72,제8장 UPDATE,UPDATE,전수 검토 후 학습하기 재매칭,"실제 문제 코드/지문 기준으로 핵심 개념, 예시, 풀이 순서, 자주 하는 실수를 다시 맞춤",문제와 같은 코드·숫자·문자열을 그대로 반복하지 않고 같은 개념의 다른 예시 사용,1,3
SQL,73,제8장 UPDATE,UPDATE,전수 검토 후 학습하기 재매칭,"실제 문제 코드/지문 기준으로 핵심 개념, 예시, 풀이 순서, 자주 하는 실수를 다시 맞춤",문제와 같은 코드·숫자·문자열을 그대로 반복하지 않고 같은 개념의 다른 예시 사용,1,3
SQL,74,제8장 UPDATE,UPDATE,전수 검토 후 학습하기 재매칭,"실제 문제 코드/지문 기준으로 핵심 개념, 예시, 풀이 순서, 자주 하는 실수를 다시 맞춤",문제와 같은 코드·숫자·문자열을 그대로 반복하지 않고 같은 개념의 다른 예시 사용,1,3
SQL,75,제8장 UPDATE,UPDATE,전수 검토 후 학습하기 재매칭,"실제 문제 코드/지문 기준으로 핵심 개념, 예시, 풀이 순서, 자주 하는 실수를 다시 맞춤",문제와 같은 코드·숫자·문자열을 그대로 반복하지 않고 같은 개념의 다른 예시 사용,1,3
SQL,76,제8장 UPDATE,UPDATE,전수 검토 후 학습하기 재매칭,"실제 문제 코드/지문 기준으로 핵심 개념, 예시, 풀이 순서, 자주 하는 실수를 다시 맞춤",문제와 같은 코드·숫자·문자열을 그대로 반복하지 않고 같은 개념의 다른 예시 사용,1,3
SQL,77,제8장 UPDATE,UPDATE,전수 검토 후 학습하기 재매칭,"실제 문제 코드/지문 기준으로 핵심 개념, 예시, 풀이 순서, 자주 하는 실수를 다시 맞춤",문제와 같은 코드·숫자·문자열을 그대로 반복하지 않고 같은 개념의 다른 예시 사용,1,3
SQL,78,제8장 UPDATE,UPDATE,전수 검토 후 학습하기 재매칭,"실제 문제 코드/지문 기준으로 핵심 개념, 예시, 풀이 순서, 자주 하는 실수를 다시 맞춤",문제와 같은 코드·숫자·문자열을 그대로 반복하지 않고 같은 개념의 다른 예시 사용,1,3
SQL,79,제8장 UPDATE,UPDATE,전수 검토 후 학습하기 재매칭,"실제 문제 코드/지문 기준으로 핵심 개념, 예시, 풀이 순서, 자주 하는 실수를 다시 맞춤",문제와 같은 코드·숫자·문자열을 그대로 반복하지 않고 같은 개념의 다른 예시 사용,1,3
SQL,80,제8장 UPDATE,UPDATE,전수 검토 후 학습하기 재매칭,"실제 문제 코드/지문 기준으로 핵심 개념, 예시, 풀이 순서, 자주 하는 실수를 다시 맞춤",문제와 같은 코드·숫자·문자열을 그대로 반복하지 않고 같은 개념의 다른 예시 사용,1,3
SQL,81,제9장 DELETE / TRUNCATE / DROP 구분,DDL CREATE ALTER DROP,전수 검토 후 학습하기 재매칭,"실제 문제 코드/지문 기준으로 핵심 개념, 예시, 풀이 순서, 자주 하는 실수를 다시 맞춤",문제와 같은 코드·숫자·문자열을 그대로 반복하지 않고 같은 개념의 다른 예시 사용,2,3
SQL,82,제9장 DELETE / TRUNCATE / DROP 구분,DDL CREATE ALTER DROP,전수 검토 후 학습하기 재매칭,"실제 문제 코드/지문 기준으로 핵심 개념, 예시, 풀이 순서, 자주 하는 실수를 다시 맞춤",문제와 같은 코드·숫자·문자열을 그대로 반복하지 않고 같은 개념의 다른 예시 사용,2,3
SQL,83,제9장 DELETE / TRUNCATE / DROP 구분,DDL CREATE ALTER DROP,전수 검토 후 학습하기 재매칭,"실제 문제 코드/지문 기준으로 핵심 개념, 예시, 풀이 순서, 자주 하는 실수를 다시 맞춤",문제와 같은 코드·숫자·문자열을 그대로 반복하지 않고 같은 개념의 다른 예시 사용,2,3
SQL,84,제9장 DELETE / TRUNCATE / DROP 구분,DDL CREATE ALTER DROP,전수 검토 후 학습하기 재매칭,"실제 문제 코드/지문 기준으로 핵심 개념, 예시, 풀이 순서, 자주 하는 실수를 다시 맞춤",문제와 같은 코드·숫자·문자열을 그대로 반복하지 않고 같은 개념의 다른 예시 사용,2,3
SQL,85,제9장 DELETE / TRUNCATE / DROP 구분,DDL CREATE ALTER DROP,전수 검토 후 학습하기 재매칭,"실제 문제 코드/지문 기준으로 핵심 개념, 예시, 풀이 순서, 자주 하는 실수를 다시 맞춤",문제와 같은 코드·숫자·문자열을 그대로 반복하지 않고 같은 개념의 다른 예시 사용,2,3
SQL,86,제9장 DELETE / TRUNCATE / DROP 구분,DDL CREATE ALTER DROP,전수 검토 후 학습하기 재매칭,"실제 문제 코드/지문 기준으로 핵심 개념, 예시, 풀이 순서, 자주 하는 실수를 다시 맞춤",문제와 같은 코드·숫자·문자열을 그대로 반복하지 않고 같은 개념의 다른 예시 사용,2,3
SQL,87,제9장 DELETE / TRUNCATE / DROP 구분,DDL CREATE ALTER DROP,전수 검토 후 학습하기 재매칭,"실제 문제 코드/지문 기준으로 핵심 개념, 예시, 풀이 순서, 자주 하는 실수를 다시 맞춤",문제와 같은 코드·숫자·문자열을 그대로 반복하지 않고 같은 개념의 다른 예시 사용,2,3
SQL,88,제9장 DELETE / TRUNCATE / DROP 구분,DDL CREATE ALTER DROP,전수 검토 후 학습하기 재매칭,"실제 문제 코드/지문 기준으로 핵심 개념, 예시, 풀이 순서, 자주 하는 실수를 다시 맞춤",문제와 같은 코드·숫자·문자열을 그대로 반복하지 않고 같은 개념의 다른 예시 사용,2,3
SQL,89,제9장 DELETE / TRUNCATE / DROP 구분,DDL CREATE ALTER DROP,전수 검토 후 학습하기 재매칭,"실제 문제 코드/지문 기준으로 핵심 개념, 예시, 풀이 순서, 자주 하는 실수를 다시 맞춤",문제와 같은 코드·숫자·문자열을 그대로 반복하지 않고 같은 개념의 다른 예시 사용,2,3
SQL,90,제9장 DELETE / TRUNCATE / DROP 구분,DDL CREATE ALTER DROP,전수 검토 후 학습하기 재매칭,"실제 문제 코드/지문 기준으로 핵심 개념, 예시, 풀이 순서, 자주 하는 실수를 다시 맞춤",문제와 같은 코드·숫자·문자열을 그대로 반복하지 않고 같은 개념의 다른 예시 사용,2,3
SQL,91,제10장 서브쿼리 기초,서브쿼리,전수 검토 후 학습하기 재매칭,"실제 문제 코드/지문 기준으로 핵심 개념, 예시, 풀이 순서, 자주 하는 실수를 다시 맞춤",문제와 같은 코드·숫자·문자열을 그대로 반복하지 않고 같은 개념의 다른 예시 사용,1,3
SQL,92,제10장 서브쿼리 기초,서브쿼리,전수 검토 후 학습하기 재매칭,"실제 문제 코드/지문 기준으로 핵심 개념, 예시, 풀이 순서, 자주 하는 실수를 다시 맞춤",문제와 같은 코드·숫자·문자열을 그대로 반복하지 않고 같은 개념의 다른 예시 사용,1,3
SQL,93,제10장 서브쿼리 기초,서브쿼리,전수 검토 후 학습하기 재매칭,"실제 문제 코드/지문 기준으로 핵심 개념, 예시, 풀이 순서, 자주 하는 실수를 다시 맞춤",문제와 같은 코드·숫자·문자열을 그대로 반복하지 않고 같은 개념의 다른 예시 사용,1,3
SQL,94,제10장 서브쿼리 기초,서브쿼리,전수 검토 후 학습하기 재매칭,"실제 문제 코드/지문 기준으로 핵심 개념, 예시, 풀이 순서, 자주 하는 실수를 다시 맞춤",문제와 같은 코드·숫자·문자열을 그대로 반복하지 않고 같은 개념의 다른 예시 사용,1,3
SQL,95,제10장 서브쿼리 기초,서브쿼리,전수 검토 후 학습하기 재매칭,"실제 문제 코드/지문 기준으로 핵심 개념, 예시, 풀이 순서, 자주 하는 실수를 다시 맞춤",문제와 같은 코드·숫자·문자열을 그대로 반복하지 않고 같은 개념의 다른 예시 사용,1,3
SQL,96,제10장 서브쿼리 기초,서브쿼리,전수 검토 후 학습하기 재매칭,"실제 문제 코드/지문 기준으로 핵심 개념, 예시, 풀이 순서, 자주 하는 실수를 다시 맞춤",문제와 같은 코드·숫자·문자열을 그대로 반복하지 않고 같은 개념의 다른 예시 사용,1,3
SQL,97,제10장 서브쿼리 기초,서브쿼리,전수 검토 후 학습하기 재매칭,"실제 문제 코드/지문 기준으로 핵심 개념, 예시, 풀이 순서, 자주 하는 실수를 다시 맞춤",문제와 같은 코드·숫자·문자열을 그대로 반복하지 않고 같은 개념의 다른 예시 사용,1,3
SQL,98,제10장 서브쿼리 기초,서브쿼리,전수 검토 후 학습하기 재매칭,"실제 문제 코드/지문 기준으로 핵심 개념, 예시, 풀이 순서, 자주 하는 실수를 다시 맞춤",문제와 같은 코드·숫자·문자열을 그대로 반복하지 않고 같은 개념의 다른 예시 사용,1,3
SQL,99,제10장 서브쿼리 기초,서브쿼리,전수 검토 후 학습하기 재매칭,"실제 문제 코드/지문 기준으로 핵심 개념, 예시, 풀이 순서, 자주 하는 실수를 다시 맞춤",문제와 같은 코드·숫자·문자열을 그대로 반복하지 않고 같은 개념의 다른 예시 사용,1,3
SQL,100,제10장 서브쿼리 기초,서브쿼리,전수 검토 후 학습하기 재매칭,"실제 문제 코드/지문 기준으로 핵심 개념, 예시, 풀이 순서, 자주 하는 실수를 다시 맞춤",문제와 같은 코드·숫자·문자열을 그대로 반복하지 않고 같은 개념의 다른 예시 사용,1,3
SQL,101,제10장 서브쿼리 기초,서브쿼리,전수 검토 후 학습하기 재매칭,"실제 문제 코드/지문 기준으로 핵심 개념, 예시, 풀이 순서, 자주 하는 실수를 다시 맞춤",문제와 같은 코드·숫자·문자열을 그대로 반복하지 않고 같은 개념의 다른 예시 사용,1,3
SQL,102,제10장 서브쿼리 기초,서브쿼리,전수 검토 후 학습하기 재매칭,"실제 문제 코드/지문 기준으로 핵심 개념, 예시, 풀이 순서, 자주 하는 실수를 다시 맞춤",문제와 같은 코드·숫자·문자열을 그대로 반복하지 않고 같은 개념의 다른 예시 사용,1,3
SQL,103,제10장 서브쿼리 기초,서브쿼리,전수 검토 후 학습하기 재매칭,"실제 문제 코드/지문 기준으로 핵심 개념, 예시, 풀이 순서, 자주 하는 실수를 다시 맞춤",문제와 같은 코드·숫자·문자열을 그대로 반복하지 않고 같은 개념의 다른 예시 사용,1,3
SQL,104,제10장 서브쿼리 기초,서브쿼리,전수 검토 후 학습하기 재매칭,"실제 문제 코드/지문 기준으로 핵심 개념, 예시, 풀이 순서, 자주 하는 실수를 다시 맞춤",문제와 같은 코드·숫자·문자열을 그대로 반복하지 않고 같은 개념의 다른 예시 사용,1,3
SQL,105,제10장 서브쿼리 기초,서브쿼리,전수 검토 후 학습하기 재매칭,"실제 문제 코드/지문 기준으로 핵심 개념, 예시, 풀이 순서, 자주 하는 실수를 다시 맞춤",문제와 같은 코드·숫자·문자열을 그대로 반복하지 않고 같은 개념의 다른 예시 사용,1,3
SQL,106,제11장 IN / NOT IN / EXISTS / NOT EXISTS,IN EXISTS,전수 검토 후 학습하기 재매칭,"실제 문제 코드/지문 기준으로 핵심 개념, 예시, 풀이 순서, 자주 하는 실수를 다시 맞춤",문제와 같은 코드·숫자·문자열을 그대로 반복하지 않고 같은 개념의 다른 예시 사용,2,3
SQL,107,제11장 IN / NOT IN / EXISTS / NOT EXISTS,IN EXISTS,전수 검토 후 학습하기 재매칭,"실제 문제 코드/지문 기준으로 핵심 개념, 예시, 풀이 순서, 자주 하는 실수를 다시 맞춤",문제와 같은 코드·숫자·문자열을 그대로 반복하지 않고 같은 개념의 다른 예시 사용,2,3
SQL,108,제11장 IN / NOT IN / EXISTS / NOT EXISTS,IN EXISTS,전수 검토 후 학습하기 재매칭,"실제 문제 코드/지문 기준으로 핵심 개념, 예시, 풀이 순서, 자주 하는 실수를 다시 맞춤",문제와 같은 코드·숫자·문자열을 그대로 반복하지 않고 같은 개념의 다른 예시 사용,2,3
SQL,109,제11장 IN / NOT IN / EXISTS / NOT EXISTS,IN EXISTS,전수 검토 후 학습하기 재매칭,"실제 문제 코드/지문 기준으로 핵심 개념, 예시, 풀이 순서, 자주 하는 실수를 다시 맞춤",문제와 같은 코드·숫자·문자열을 그대로 반복하지 않고 같은 개념의 다른 예시 사용,2,3
SQL,110,제11장 IN / NOT IN / EXISTS / NOT EXISTS,IN EXISTS,전수 검토 후 학습하기 재매칭,"실제 문제 코드/지문 기준으로 핵심 개념, 예시, 풀이 순서, 자주 하는 실수를 다시 맞춤",문제와 같은 코드·숫자·문자열을 그대로 반복하지 않고 같은 개념의 다른 예시 사용,2,3
SQL,111,제11장 IN / NOT IN / EXISTS / NOT EXISTS,IN EXISTS,전수 검토 후 학습하기 재매칭,"실제 문제 코드/지문 기준으로 핵심 개념, 예시, 풀이 순서, 자주 하는 실수를 다시 맞춤",문제와 같은 코드·숫자·문자열을 그대로 반복하지 않고 같은 개념의 다른 예시 사용,2,3
SQL,112,제11장 IN / NOT IN / EXISTS / NOT EXISTS,IN EXISTS,전수 검토 후 학습하기 재매칭,"실제 문제 코드/지문 기준으로 핵심 개념, 예시, 풀이 순서, 자주 하는 실수를 다시 맞춤",문제와 같은 코드·숫자·문자열을 그대로 반복하지 않고 같은 개념의 다른 예시 사용,2,3
SQL,113,제11장 IN / NOT IN / EXISTS / NOT EXISTS,IN EXISTS,전수 검토 후 학습하기 재매칭,"실제 문제 코드/지문 기준으로 핵심 개념, 예시, 풀이 순서, 자주 하는 실수를 다시 맞춤",문제와 같은 코드·숫자·문자열을 그대로 반복하지 않고 같은 개념의 다른 예시 사용,2,3
SQL,114,제11장 IN / NOT IN / EXISTS / NOT EXISTS,IN EXISTS,전수 검토 후 학습하기 재매칭,"실제 문제 코드/지문 기준으로 핵심 개념, 예시, 풀이 순서, 자주 하는 실수를 다시 맞춤",문제와 같은 코드·숫자·문자열을 그대로 반복하지 않고 같은 개념의 다른 예시 사용,2,3
SQL,115,제11장 IN / NOT IN / EXISTS / NOT EXISTS,IN EXISTS,전수 검토 후 학습하기 재매칭,"실제 문제 코드/지문 기준으로 핵심 개념, 예시, 풀이 순서, 자주 하는 실수를 다시 맞춤",문제와 같은 코드·숫자·문자열을 그대로 반복하지 않고 같은 개념의 다른 예시 사용,2,3
SQL,116,제11장 IN / NOT IN / EXISTS / NOT EXISTS,IN EXISTS,전수 검토 후 학습하기 재매칭,"실제 문제 코드/지문 기준으로 핵심 개념, 예시, 풀이 순서, 자주 하는 실수를 다시 맞춤",문제와 같은 코드·숫자·문자열을 그대로 반복하지 않고 같은 개념의 다른 예시 사용,2,3
SQL,117,제11장 IN / NOT IN / EXISTS / NOT EXISTS,IN EXISTS,전수 검토 후 학습하기 재매칭,"실제 문제 코드/지문 기준으로 핵심 개념, 예시, 풀이 순서, 자주 하는 실수를 다시 맞춤",문제와 같은 코드·숫자·문자열을 그대로 반복하지 않고 같은 개념의 다른 예시 사용,2,3
SQL,118,제11장 IN / NOT IN / EXISTS / NOT EXISTS,IN EXISTS,전수 검토 후 학습하기 재매칭,"실제 문제 코드/지문 기준으로 핵심 개념, 예시, 풀이 순서, 자주 하는 실수를 다시 맞춤",문제와 같은 코드·숫자·문자열을 그대로 반복하지 않고 같은 개념의 다른 예시 사용,2,3
SQL,119,제11장 IN / NOT IN / EXISTS / NOT EXISTS,IN EXISTS,전수 검토 후 학습하기 재매칭,"실제 문제 코드/지문 기준으로 핵심 개념, 예시, 풀이 순서, 자주 하는 실수를 다시 맞춤",문제와 같은 코드·숫자·문자열을 그대로 반복하지 않고 같은 개념의 다른 예시 사용,2,3
SQL,120,제11장 IN / NOT IN / EXISTS / NOT EXISTS,IN EXISTS,전수 검토 후 학습하기 재매칭,"실제 문제 코드/지문 기준으로 핵심 개념, 예시, 풀이 순서, 자주 하는 실수를 다시 맞춤",문제와 같은 코드·숫자·문자열을 그대로 반복하지 않고 같은 개념의 다른 예시 사용,2,3
SQL,121,제12장 INNER JOIN,INNER JOIN,전수 검토 후 학습하기 재매칭,"실제 문제 코드/지문 기준으로 핵심 개념, 예시, 풀이 순서, 자주 하는 실수를 다시 맞춤",문제와 같은 코드·숫자·문자열을 그대로 반복하지 않고 같은 개념의 다른 예시 사용,1,3
SQL,122,제12장 INNER JOIN,INNER JOIN,전수 검토 후 학습하기 재매칭,"실제 문제 코드/지문 기준으로 핵심 개념, 예시, 풀이 순서, 자주 하는 실수를 다시 맞춤",문제와 같은 코드·숫자·문자열을 그대로 반복하지 않고 같은 개념의 다른 예시 사용,1,3
SQL,123,제12장 INNER JOIN,INNER JOIN,전수 검토 후 학습하기 재매칭,"실제 문제 코드/지문 기준으로 핵심 개념, 예시, 풀이 순서, 자주 하는 실수를 다시 맞춤",문제와 같은 코드·숫자·문자열을 그대로 반복하지 않고 같은 개념의 다른 예시 사용,1,3
SQL,124,제12장 INNER JOIN,INNER JOIN,전수 검토 후 학습하기 재매칭,"실제 문제 코드/지문 기준으로 핵심 개념, 예시, 풀이 순서, 자주 하는 실수를 다시 맞춤",문제와 같은 코드·숫자·문자열을 그대로 반복하지 않고 같은 개념의 다른 예시 사용,1,3
SQL,125,제12장 INNER JOIN,INNER JOIN,전수 검토 후 학습하기 재매칭,"실제 문제 코드/지문 기준으로 핵심 개념, 예시, 풀이 순서, 자주 하는 실수를 다시 맞춤",문제와 같은 코드·숫자·문자열을 그대로 반복하지 않고 같은 개념의 다른 예시 사용,1,3
SQL,126,제12장 INNER JOIN,INNER JOIN,전수 검토 후 학습하기 재매칭,"실제 문제 코드/지문 기준으로 핵심 개념, 예시, 풀이 순서, 자주 하는 실수를 다시 맞춤",문제와 같은 코드·숫자·문자열을 그대로 반복하지 않고 같은 개념의 다른 예시 사용,1,3
SQL,127,제12장 INNER JOIN,INNER JOIN,전수 검토 후 학습하기 재매칭,"실제 문제 코드/지문 기준으로 핵심 개념, 예시, 풀이 순서, 자주 하는 실수를 다시 맞춤",문제와 같은 코드·숫자·문자열을 그대로 반복하지 않고 같은 개념의 다른 예시 사용,1,3
SQL,128,제12장 INNER JOIN,INNER JOIN,전수 검토 후 학습하기 재매칭,"실제 문제 코드/지문 기준으로 핵심 개념, 예시, 풀이 순서, 자주 하는 실수를 다시 맞춤",문제와 같은 코드·숫자·문자열을 그대로 반복하지 않고 같은 개념의 다른 예시 사용,1,3
SQL,129,제12장 INNER JOIN,INNER JOIN,전수 검토 후 학습하기 재매칭,"실제 문제 코드/지문 기준으로 핵심 개념, 예시, 풀이 순서, 자주 하는 실수를 다시 맞춤",문제와 같은 코드·숫자·문자열을 그대로 반복하지 않고 같은 개념의 다른 예시 사용,1,3
SQL,130,제12장 INNER JOIN,INNER JOIN,전수 검토 후 학습하기 재매칭,"실제 문제 코드/지문 기준으로 핵심 개념, 예시, 풀이 순서, 자주 하는 실수를 다시 맞춤",문제와 같은 코드·숫자·문자열을 그대로 반복하지 않고 같은 개념의 다른 예시 사용,1,3
SQL,131,제12장 INNER JOIN,INNER JOIN,전수 검토 후 학습하기 재매칭,"실제 문제 코드/지문 기준으로 핵심 개념, 예시, 풀이 순서, 자주 하는 실수를 다시 맞춤",문제와 같은 코드·숫자·문자열을 그대로 반복하지 않고 같은 개념의 다른 예시 사용,1,3
SQL,132,제12장 INNER JOIN,INNER JOIN,전수 검토 후 학습하기 재매칭,"실제 문제 코드/지문 기준으로 핵심 개념, 예시, 풀이 순서, 자주 하는 실수를 다시 맞춤",문제와 같은 코드·숫자·문자열을 그대로 반복하지 않고 같은 개념의 다른 예시 사용,1,3
SQL,133,제12장 INNER JOIN,INNER JOIN,전수 검토 후 학습하기 재매칭,"실제 문제 코드/지문 기준으로 핵심 개념, 예시, 풀이 순서, 자주 하는 실수를 다시 맞춤",문제와 같은 코드·숫자·문자열을 그대로 반복하지 않고 같은 개념의 다른 예시 사용,1,3
SQL,134,제12장 INNER JOIN,INNER JOIN,전수 검토 후 학습하기 재매칭,"실제 문제 코드/지문 기준으로 핵심 개념, 예시, 풀이 순서, 자주 하는 실수를 다시 맞춤",문제와 같은 코드·숫자·문자열을 그대로 반복하지 않고 같은 개념의 다른 예시 사용,1,3
SQL,135,제12장 INNER JOIN,INNER JOIN,전수 검토 후 학습하기 재매칭,"실제 문제 코드/지문 기준으로 핵심 개념, 예시, 풀이 순서, 자주 하는 실수를 다시 맞춤",문제와 같은 코드·숫자·문자열을 그대로 반복하지 않고 같은 개념의 다른 예시 사용,1,3
SQL,136,제13장 OUTER JOIN / SELF JOIN,OUTER JOIN과 SELF JOIN,전수 검토 후 학습하기 재매칭,"실제 문제 코드/지문 기준으로 핵심 개념, 예시, 풀이 순서, 자주 하는 실수를 다시 맞춤",문제와 같은 코드·숫자·문자열을 그대로 반복하지 않고 같은 개념의 다른 예시 사용,2,3
SQL,137,제13장 OUTER JOIN / SELF JOIN,OUTER JOIN과 SELF JOIN,전수 검토 후 학습하기 재매칭,"실제 문제 코드/지문 기준으로 핵심 개념, 예시, 풀이 순서, 자주 하는 실수를 다시 맞춤",문제와 같은 코드·숫자·문자열을 그대로 반복하지 않고 같은 개념의 다른 예시 사용,2,3
SQL,138,제13장 OUTER JOIN / SELF JOIN,OUTER JOIN과 SELF JOIN,전수 검토 후 학습하기 재매칭,"실제 문제 코드/지문 기준으로 핵심 개념, 예시, 풀이 순서, 자주 하는 실수를 다시 맞춤",문제와 같은 코드·숫자·문자열을 그대로 반복하지 않고 같은 개념의 다른 예시 사용,2,3
SQL,139,제13장 OUTER JOIN / SELF JOIN,OUTER JOIN과 SELF JOIN,전수 검토 후 학습하기 재매칭,"실제 문제 코드/지문 기준으로 핵심 개념, 예시, 풀이 순서, 자주 하는 실수를 다시 맞춤",문제와 같은 코드·숫자·문자열을 그대로 반복하지 않고 같은 개념의 다른 예시 사용,2,3
SQL,140,제13장 OUTER JOIN / SELF JOIN,OUTER JOIN과 SELF JOIN,전수 검토 후 학습하기 재매칭,"실제 문제 코드/지문 기준으로 핵심 개념, 예시, 풀이 순서, 자주 하는 실수를 다시 맞춤",문제와 같은 코드·숫자·문자열을 그대로 반복하지 않고 같은 개념의 다른 예시 사용,2,3
SQL,141,제13장 OUTER JOIN / SELF JOIN,OUTER JOIN과 SELF JOIN,전수 검토 후 학습하기 재매칭,"실제 문제 코드/지문 기준으로 핵심 개념, 예시, 풀이 순서, 자주 하는 실수를 다시 맞춤",문제와 같은 코드·숫자·문자열을 그대로 반복하지 않고 같은 개념의 다른 예시 사용,2,3
SQL,142,제13장 OUTER JOIN / SELF JOIN,OUTER JOIN과 SELF JOIN,전수 검토 후 학습하기 재매칭,"실제 문제 코드/지문 기준으로 핵심 개념, 예시, 풀이 순서, 자주 하는 실수를 다시 맞춤",문제와 같은 코드·숫자·문자열을 그대로 반복하지 않고 같은 개념의 다른 예시 사용,2,3
SQL,143,제13장 OUTER JOIN / SELF JOIN,OUTER JOIN과 SELF JOIN,전수 검토 후 학습하기 재매칭,"실제 문제 코드/지문 기준으로 핵심 개념, 예시, 풀이 순서, 자주 하는 실수를 다시 맞춤",문제와 같은 코드·숫자·문자열을 그대로 반복하지 않고 같은 개념의 다른 예시 사용,2,3
SQL,144,제13장 OUTER JOIN / SELF JOIN,OUTER JOIN과 SELF JOIN,전수 검토 후 학습하기 재매칭,"실제 문제 코드/지문 기준으로 핵심 개념, 예시, 풀이 순서, 자주 하는 실수를 다시 맞춤",문제와 같은 코드·숫자·문자열을 그대로 반복하지 않고 같은 개념의 다른 예시 사용,2,3
SQL,145,제13장 OUTER JOIN / SELF JOIN,OUTER JOIN과 SELF JOIN,전수 검토 후 학습하기 재매칭,"실제 문제 코드/지문 기준으로 핵심 개념, 예시, 풀이 순서, 자주 하는 실수를 다시 맞춤",문제와 같은 코드·숫자·문자열을 그대로 반복하지 않고 같은 개념의 다른 예시 사용,2,3
SQL,146,제13장 OUTER JOIN / SELF JOIN,OUTER JOIN과 SELF JOIN,전수 검토 후 학습하기 재매칭,"실제 문제 코드/지문 기준으로 핵심 개념, 예시, 풀이 순서, 자주 하는 실수를 다시 맞춤",문제와 같은 코드·숫자·문자열을 그대로 반복하지 않고 같은 개념의 다른 예시 사용,2,3
SQL,147,제13장 OUTER JOIN / SELF JOIN,OUTER JOIN과 SELF JOIN,전수 검토 후 학습하기 재매칭,"실제 문제 코드/지문 기준으로 핵심 개념, 예시, 풀이 순서, 자주 하는 실수를 다시 맞춤",문제와 같은 코드·숫자·문자열을 그대로 반복하지 않고 같은 개념의 다른 예시 사용,2,3
SQL,148,제13장 OUTER JOIN / SELF JOIN,OUTER JOIN과 SELF JOIN,전수 검토 후 학습하기 재매칭,"실제 문제 코드/지문 기준으로 핵심 개념, 예시, 풀이 순서, 자주 하는 실수를 다시 맞춤",문제와 같은 코드·숫자·문자열을 그대로 반복하지 않고 같은 개념의 다른 예시 사용,2,3
SQL,149,제13장 OUTER JOIN / SELF JOIN,OUTER JOIN과 SELF JOIN,전수 검토 후 학습하기 재매칭,"실제 문제 코드/지문 기준으로 핵심 개념, 예시, 풀이 순서, 자주 하는 실수를 다시 맞춤",문제와 같은 코드·숫자·문자열을 그대로 반복하지 않고 같은 개념의 다른 예시 사용,2,3
SQL,150,제13장 OUTER JOIN / SELF JOIN,OUTER JOIN과 SELF JOIN,전수 검토 후 학습하기 재매칭,"실제 문제 코드/지문 기준으로 핵심 개념, 예시, 풀이 순서, 자주 하는 실수를 다시 맞춤",문제와 같은 코드·숫자·문자열을 그대로 반복하지 않고 같은 개념의 다른 예시 사용,2,3
SQL,151,제14장 UNION / UNION ALL / 집합연산자,UNION과 집합연산,전수 검토 후 학습하기 재매칭,"실제 문제 코드/지문 기준으로 핵심 개념, 예시, 풀이 순서, 자주 하는 실수를 다시 맞춤",문제와 같은 코드·숫자·문자열을 그대로 반복하지 않고 같은 개념의 다른 예시 사용,2,3
SQL,152,제14장 UNION / UNION ALL / 집합연산자,UNION과 집합연산,전수 검토 후 학습하기 재매칭,"실제 문제 코드/지문 기준으로 핵심 개념, 예시, 풀이 순서, 자주 하는 실수를 다시 맞춤",문제와 같은 코드·숫자·문자열을 그대로 반복하지 않고 같은 개념의 다른 예시 사용,2,3
SQL,153,제14장 UNION / UNION ALL / 집합연산자,UNION과 집합연산,전수 검토 후 학습하기 재매칭,"실제 문제 코드/지문 기준으로 핵심 개념, 예시, 풀이 순서, 자주 하는 실수를 다시 맞춤",문제와 같은 코드·숫자·문자열을 그대로 반복하지 않고 같은 개념의 다른 예시 사용,2,3
SQL,154,제14장 UNION / UNION ALL / 집합연산자,UNION과 집합연산,전수 검토 후 학습하기 재매칭,"실제 문제 코드/지문 기준으로 핵심 개념, 예시, 풀이 순서, 자주 하는 실수를 다시 맞춤",문제와 같은 코드·숫자·문자열을 그대로 반복하지 않고 같은 개념의 다른 예시 사용,2,3
SQL,155,제14장 UNION / UNION ALL / 집합연산자,UNION과 집합연산,전수 검토 후 학습하기 재매칭,"실제 문제 코드/지문 기준으로 핵심 개념, 예시, 풀이 순서, 자주 하는 실수를 다시 맞춤",문제와 같은 코드·숫자·문자열을 그대로 반복하지 않고 같은 개념의 다른 예시 사용,2,3
SQL,156,제14장 UNION / UNION ALL / 집합연산자,UNION과 집합연산,전수 검토 후 학습하기 재매칭,"실제 문제 코드/지문 기준으로 핵심 개념, 예시, 풀이 순서, 자주 하는 실수를 다시 맞춤",문제와 같은 코드·숫자·문자열을 그대로 반복하지 않고 같은 개념의 다른 예시 사용,2,3
SQL,157,제14장 UNION / UNION ALL / 집합연산자,UNION과 집합연산,전수 검토 후 학습하기 재매칭,"실제 문제 코드/지문 기준으로 핵심 개념, 예시, 풀이 순서, 자주 하는 실수를 다시 맞춤",문제와 같은 코드·숫자·문자열을 그대로 반복하지 않고 같은 개념의 다른 예시 사용,2,3
SQL,158,제14장 UNION / UNION ALL / 집합연산자,UNION과 집합연산,전수 검토 후 학습하기 재매칭,"실제 문제 코드/지문 기준으로 핵심 개념, 예시, 풀이 순서, 자주 하는 실수를 다시 맞춤",문제와 같은 코드·숫자·문자열을 그대로 반복하지 않고 같은 개념의 다른 예시 사용,2,3
SQL,159,제14장 UNION / UNION ALL / 집합연산자,UNION과 집합연산,전수 검토 후 학습하기 재매칭,"실제 문제 코드/지문 기준으로 핵심 개념, 예시, 풀이 순서, 자주 하는 실수를 다시 맞춤",문제와 같은 코드·숫자·문자열을 그대로 반복하지 않고 같은 개념의 다른 예시 사용,2,3
SQL,160,제14장 UNION / UNION ALL / 집합연산자,UNION과 집합연산,전수 검토 후 학습하기 재매칭,"실제 문제 코드/지문 기준으로 핵심 개념, 예시, 풀이 순서, 자주 하는 실수를 다시 맞춤",문제와 같은 코드·숫자·문자열을 그대로 반복하지 않고 같은 개념의 다른 예시 사용,2,3
SQL,161,제15장 CREATE / ALTER / DROP / TRUNCATE,DDL CREATE ALTER DROP,전수 검토 후 학습하기 재매칭,"실제 문제 코드/지문 기준으로 핵심 개념, 예시, 풀이 순서, 자주 하는 실수를 다시 맞춤",문제와 같은 코드·숫자·문자열을 그대로 반복하지 않고 같은 개념의 다른 예시 사용,2,3
SQL,162,제15장 CREATE / ALTER / DROP / TRUNCATE,DDL CREATE ALTER DROP,전수 검토 후 학습하기 재매칭,"실제 문제 코드/지문 기준으로 핵심 개념, 예시, 풀이 순서, 자주 하는 실수를 다시 맞춤",문제와 같은 코드·숫자·문자열을 그대로 반복하지 않고 같은 개념의 다른 예시 사용,2,3
SQL,163,제15장 CREATE / ALTER / DROP / TRUNCATE,DDL CREATE ALTER DROP,전수 검토 후 학습하기 재매칭,"실제 문제 코드/지문 기준으로 핵심 개념, 예시, 풀이 순서, 자주 하는 실수를 다시 맞춤",문제와 같은 코드·숫자·문자열을 그대로 반복하지 않고 같은 개념의 다른 예시 사용,2,3
SQL,164,제15장 CREATE / ALTER / DROP / TRUNCATE,DDL CREATE ALTER DROP,전수 검토 후 학습하기 재매칭,"실제 문제 코드/지문 기준으로 핵심 개념, 예시, 풀이 순서, 자주 하는 실수를 다시 맞춤",문제와 같은 코드·숫자·문자열을 그대로 반복하지 않고 같은 개념의 다른 예시 사용,2,3
SQL,165,제15장 CREATE / ALTER / DROP / TRUNCATE,DDL CREATE ALTER DROP,전수 검토 후 학습하기 재매칭,"실제 문제 코드/지문 기준으로 핵심 개념, 예시, 풀이 순서, 자주 하는 실수를 다시 맞춤",문제와 같은 코드·숫자·문자열을 그대로 반복하지 않고 같은 개념의 다른 예시 사용,2,3
SQL,166,제15장 CREATE / ALTER / DROP / TRUNCATE,DDL CREATE ALTER DROP,전수 검토 후 학습하기 재매칭,"실제 문제 코드/지문 기준으로 핵심 개념, 예시, 풀이 순서, 자주 하는 실수를 다시 맞춤",문제와 같은 코드·숫자·문자열을 그대로 반복하지 않고 같은 개념의 다른 예시 사용,2,3
SQL,167,제15장 CREATE / ALTER / DROP / TRUNCATE,DDL CREATE ALTER DROP,전수 검토 후 학습하기 재매칭,"실제 문제 코드/지문 기준으로 핵심 개념, 예시, 풀이 순서, 자주 하는 실수를 다시 맞춤",문제와 같은 코드·숫자·문자열을 그대로 반복하지 않고 같은 개념의 다른 예시 사용,2,3
SQL,168,제15장 CREATE / ALTER / DROP / TRUNCATE,DDL CREATE ALTER DROP,전수 검토 후 학습하기 재매칭,"실제 문제 코드/지문 기준으로 핵심 개념, 예시, 풀이 순서, 자주 하는 실수를 다시 맞춤",문제와 같은 코드·숫자·문자열을 그대로 반복하지 않고 같은 개념의 다른 예시 사용,2,3
SQL,169,제15장 CREATE / ALTER / DROP / TRUNCATE,DDL CREATE ALTER DROP,전수 검토 후 학습하기 재매칭,"실제 문제 코드/지문 기준으로 핵심 개념, 예시, 풀이 순서, 자주 하는 실수를 다시 맞춤",문제와 같은 코드·숫자·문자열을 그대로 반복하지 않고 같은 개념의 다른 예시 사용,2,3
SQL,170,제15장 CREATE / ALTER / DROP / TRUNCATE,DDL CREATE ALTER DROP,전수 검토 후 학습하기 재매칭,"실제 문제 코드/지문 기준으로 핵심 개념, 예시, 풀이 순서, 자주 하는 실수를 다시 맞춤",문제와 같은 코드·숫자·문자열을 그대로 반복하지 않고 같은 개념의 다른 예시 사용,2,3
SQL,171,제16장 제약조건,제약조건,전수 검토 후 학습하기 재매칭,"실제 문제 코드/지문 기준으로 핵심 개념, 예시, 풀이 순서, 자주 하는 실수를 다시 맞춤",문제와 같은 코드·숫자·문자열을 그대로 반복하지 않고 같은 개념의 다른 예시 사용,2,4
SQL,172,제16장 제약조건,제약조건,전수 검토 후 학습하기 재매칭,"실제 문제 코드/지문 기준으로 핵심 개념, 예시, 풀이 순서, 자주 하는 실수를 다시 맞춤",문제와 같은 코드·숫자·문자열을 그대로 반복하지 않고 같은 개념의 다른 예시 사용,2,4
SQL,173,제16장 제약조건,제약조건,전수 검토 후 학습하기 재매칭,"실제 문제 코드/지문 기준으로 핵심 개념, 예시, 풀이 순서, 자주 하는 실수를 다시 맞춤",문제와 같은 코드·숫자·문자열을 그대로 반복하지 않고 같은 개념의 다른 예시 사용,2,4
SQL,174,제16장 제약조건,제약조건,전수 검토 후 학습하기 재매칭,"실제 문제 코드/지문 기준으로 핵심 개념, 예시, 풀이 순서, 자주 하는 실수를 다시 맞춤",문제와 같은 코드·숫자·문자열을 그대로 반복하지 않고 같은 개념의 다른 예시 사용,2,4
SQL,175,제16장 제약조건,제약조건,전수 검토 후 학습하기 재매칭,"실제 문제 코드/지문 기준으로 핵심 개념, 예시, 풀이 순서, 자주 하는 실수를 다시 맞춤",문제와 같은 코드·숫자·문자열을 그대로 반복하지 않고 같은 개념의 다른 예시 사용,2,4
SQL,176,제16장 제약조건,제약조건,전수 검토 후 학습하기 재매칭,"실제 문제 코드/지문 기준으로 핵심 개념, 예시, 풀이 순서, 자주 하는 실수를 다시 맞춤",문제와 같은 코드·숫자·문자열을 그대로 반복하지 않고 같은 개념의 다른 예시 사용,2,4
SQL,177,제16장 제약조건,제약조건,전수 검토 후 학습하기 재매칭,"실제 문제 코드/지문 기준으로 핵심 개념, 예시, 풀이 순서, 자주 하는 실수를 다시 맞춤",문제와 같은 코드·숫자·문자열을 그대로 반복하지 않고 같은 개념의 다른 예시 사용,2,4
SQL,178,제16장 제약조건,제약조건,전수 검토 후 학습하기 재매칭,"실제 문제 코드/지문 기준으로 핵심 개념, 예시, 풀이 순서, 자주 하는 실수를 다시 맞춤",문제와 같은 코드·숫자·문자열을 그대로 반복하지 않고 같은 개념의 다른 예시 사용,2,4
SQL,179,제16장 제약조건,제약조건,전수 검토 후 학습하기 재매칭,"실제 문제 코드/지문 기준으로 핵심 개념, 예시, 풀이 순서, 자주 하는 실수를 다시 맞춤",문제와 같은 코드·숫자·문자열을 그대로 반복하지 않고 같은 개념의 다른 예시 사용,2,4
SQL,180,제16장 제약조건,제약조건,전수 검토 후 학습하기 재매칭,"실제 문제 코드/지문 기준으로 핵심 개념, 예시, 풀이 순서, 자주 하는 실수를 다시 맞춤",문제와 같은 코드·숫자·문자열을 그대로 반복하지 않고 같은 개념의 다른 예시 사용,2,4
SQL,181,제17장 VIEW / INDEX / 데이터사전 / DCL,VIEW INDEX DCL 데이터사전,전수 검토 후 학습하기 재매칭,"실제 문제 코드/지문 기준으로 핵심 개념, 예시, 풀이 순서, 자주 하는 실수를 다시 맞춤",문제와 같은 코드·숫자·문자열을 그대로 반복하지 않고 같은 개념의 다른 예시 사용,3,4
SQL,182,제17장 VIEW / INDEX / 데이터사전 / DCL,VIEW INDEX DCL 데이터사전,전수 검토 후 학습하기 재매칭,"실제 문제 코드/지문 기준으로 핵심 개념, 예시, 풀이 순서, 자주 하는 실수를 다시 맞춤",문제와 같은 코드·숫자·문자열을 그대로 반복하지 않고 같은 개념의 다른 예시 사용,3,4
SQL,183,제17장 VIEW / INDEX / 데이터사전 / DCL,VIEW INDEX DCL 데이터사전,전수 검토 후 학습하기 재매칭,"실제 문제 코드/지문 기준으로 핵심 개념, 예시, 풀이 순서, 자주 하는 실수를 다시 맞춤",문제와 같은 코드·숫자·문자열을 그대로 반복하지 않고 같은 개념의 다른 예시 사용,3,4
SQL,184,제17장 VIEW / INDEX / 데이터사전 / DCL,VIEW INDEX DCL 데이터사전,전수 검토 후 학습하기 재매칭,"실제 문제 코드/지문 기준으로 핵심 개념, 예시, 풀이 순서, 자주 하는 실수를 다시 맞춤",문제와 같은 코드·숫자·문자열을 그대로 반복하지 않고 같은 개념의 다른 예시 사용,3,4
SQL,185,제17장 VIEW / INDEX / 데이터사전 / DCL,VIEW INDEX DCL 데이터사전,전수 검토 후 학습하기 재매칭,"실제 문제 코드/지문 기준으로 핵심 개념, 예시, 풀이 순서, 자주 하는 실수를 다시 맞춤",문제와 같은 코드·숫자·문자열을 그대로 반복하지 않고 같은 개념의 다른 예시 사용,3,4
SQL,186,제17장 VIEW / INDEX / 데이터사전 / DCL,VIEW INDEX DCL 데이터사전,전수 검토 후 학습하기 재매칭,"실제 문제 코드/지문 기준으로 핵심 개념, 예시, 풀이 순서, 자주 하는 실수를 다시 맞춤",문제와 같은 코드·숫자·문자열을 그대로 반복하지 않고 같은 개념의 다른 예시 사용,3,4
SQL,187,제17장 VIEW / INDEX / 데이터사전 / DCL,VIEW INDEX DCL 데이터사전,전수 검토 후 학습하기 재매칭,"실제 문제 코드/지문 기준으로 핵심 개념, 예시, 풀이 순서, 자주 하는 실수를 다시 맞춤",문제와 같은 코드·숫자·문자열을 그대로 반복하지 않고 같은 개념의 다른 예시 사용,3,4
SQL,188,제17장 VIEW / INDEX / 데이터사전 / DCL,VIEW INDEX DCL 데이터사전,전수 검토 후 학습하기 재매칭,"실제 문제 코드/지문 기준으로 핵심 개념, 예시, 풀이 순서, 자주 하는 실수를 다시 맞춤",문제와 같은 코드·숫자·문자열을 그대로 반복하지 않고 같은 개념의 다른 예시 사용,3,4
SQL,189,제17장 VIEW / INDEX / 데이터사전 / DCL,VIEW INDEX DCL 데이터사전,전수 검토 후 학습하기 재매칭,"실제 문제 코드/지문 기준으로 핵심 개념, 예시, 풀이 순서, 자주 하는 실수를 다시 맞춤",문제와 같은 코드·숫자·문자열을 그대로 반복하지 않고 같은 개념의 다른 예시 사용,3,4
SQL,190,제17장 VIEW / INDEX / 데이터사전 / DCL,VIEW INDEX DCL 데이터사전,전수 검토 후 학습하기 재매칭,"실제 문제 코드/지문 기준으로 핵심 개념, 예시, 풀이 순서, 자주 하는 실수를 다시 맞춤",문제와 같은 코드·숫자·문자열을 그대로 반복하지 않고 같은 개념의 다른 예시 사용,3,4
SQL,191,제18장 실전 모의세트 A,실전 혼합 SQL,전수 검토 후 학습하기 재매칭,"실제 문제 코드/지문 기준으로 핵심 개념, 예시, 풀이 순서, 자주 하는 실수를 다시 맞춤",문제와 같은 코드·숫자·문자열을 그대로 반복하지 않고 같은 개념의 다른 예시 사용,1,3
SQL,192,제18장 실전 모의세트 A,실전 혼합 SQL,전수 검토 후 학습하기 재매칭,"실제 문제 코드/지문 기준으로 핵심 개념, 예시, 풀이 순서, 자주 하는 실수를 다시 맞춤",문제와 같은 코드·숫자·문자열을 그대로 반복하지 않고 같은 개념의 다른 예시 사용,1,3
SQL,193,제18장 실전 모의세트 A,실전 혼합 SQL,전수 검토 후 학습하기 재매칭,"실제 문제 코드/지문 기준으로 핵심 개념, 예시, 풀이 순서, 자주 하는 실수를 다시 맞춤",문제와 같은 코드·숫자·문자열을 그대로 반복하지 않고 같은 개념의 다른 예시 사용,1,3
SQL,194,제18장 실전 모의세트 A,실전 혼합 SQL,전수 검토 후 학습하기 재매칭,"실제 문제 코드/지문 기준으로 핵심 개념, 예시, 풀이 순서, 자주 하는 실수를 다시 맞춤",문제와 같은 코드·숫자·문자열을 그대로 반복하지 않고 같은 개념의 다른 예시 사용,1,3
SQL,195,제18장 실전 모의세트 A,실전 혼합 SQL,전수 검토 후 학습하기 재매칭,"실제 문제 코드/지문 기준으로 핵심 개념, 예시, 풀이 순서, 자주 하는 실수를 다시 맞춤",문제와 같은 코드·숫자·문자열을 그대로 반복하지 않고 같은 개념의 다른 예시 사용,1,3
SQL,196,제19장 실전 모의세트 B,실전 혼합 SQL,전수 검토 후 학습하기 재매칭,"실제 문제 코드/지문 기준으로 핵심 개념, 예시, 풀이 순서, 자주 하는 실수를 다시 맞춤",문제와 같은 코드·숫자·문자열을 그대로 반복하지 않고 같은 개념의 다른 예시 사용,1,3
SQL,197,제19장 실전 모의세트 B,실전 혼합 SQL,전수 검토 후 학습하기 재매칭,"실제 문제 코드/지문 기준으로 핵심 개념, 예시, 풀이 순서, 자주 하는 실수를 다시 맞춤",문제와 같은 코드·숫자·문자열을 그대로 반복하지 않고 같은 개념의 다른 예시 사용,1,3
SQL,198,제19장 실전 모의세트 B,실전 혼합 SQL,전수 검토 후 학습하기 재매칭,"실제 문제 코드/지문 기준으로 핵심 개념, 예시, 풀이 순서, 자주 하는 실수를 다시 맞춤",문제와 같은 코드·숫자·문자열을 그대로 반복하지 않고 같은 개념의 다른 예시 사용,1,3
SQL,199,제19장 실전 모의세트 B,실전 혼합 SQL,전수 검토 후 학습하기 재매칭,"실제 문제 코드/지문 기준으로 핵심 개념, 예시, 풀이 순서, 자주 하는 실수를 다시 맞춤",문제와 같은 코드·숫자·문자열을 그대로 반복하지 않고 같은 개념의 다른 예시 사용,1,3
SQL,200,제19장 실전 모의세트 B,실전 혼합 SQL,전수 검토 후 학습하기 재매칭,"실제 문제 코드/지문 기준으로 핵심 개념, 예시, 풀이 순서, 자주 하는 실수를 다시 맞춤",문제와 같은 코드·숫자·문자열을 그대로 반복하지 않고 같은 개념의 다른 예시 사용,1,3
PYTHON,1,제1장 print와 기본 출력,print 기본 출력,전수 검토 후 학습하기 재매칭,"실제 문제 코드/지문 기준으로 핵심 개념, 예시, 풀이 순서, 자주 하는 실수를 다시 맞춤",문제와 같은 코드·숫자·문자열을 그대로 반복하지 않고 같은 개념의 다른 예시 사용,1,3
PYTHON,2,제1장 print와 기본 출력,print 기본 출력,전수 검토 후 학습하기 재매칭,"실제 문제 코드/지문 기준으로 핵심 개념, 예시, 풀이 순서, 자주 하는 실수를 다시 맞춤",문제와 같은 코드·숫자·문자열을 그대로 반복하지 않고 같은 개념의 다른 예시 사용,1,3
PYTHON,3,제1장 print와 기본 출력,print 기본 출력,전수 검토 후 학습하기 재매칭,"실제 문제 코드/지문 기준으로 핵심 개념, 예시, 풀이 순서, 자주 하는 실수를 다시 맞춤",문제와 같은 코드·숫자·문자열을 그대로 반복하지 않고 같은 개념의 다른 예시 사용,1,3
PYTHON,4,제1장 print와 기본 출력,print 옵션 end/sep/f-string,전수 검토 후 학습하기 재매칭,"실제 문제 코드/지문 기준으로 핵심 개념, 예시, 풀이 순서, 자주 하는 실수를 다시 맞춤",문제와 같은 코드·숫자·문자열을 그대로 반복하지 않고 같은 개념의 다른 예시 사용,2,3
PYTHON,5,제1장 print와 기본 출력,print 옵션 end/sep/f-string,전수 검토 후 학습하기 재매칭,"실제 문제 코드/지문 기준으로 핵심 개념, 예시, 풀이 순서, 자주 하는 실수를 다시 맞춤",문제와 같은 코드·숫자·문자열을 그대로 반복하지 않고 같은 개념의 다른 예시 사용,2,3
PYTHON,6,제1장 print와 기본 출력,print 기본 출력,전수 검토 후 학습하기 재매칭,"실제 문제 코드/지문 기준으로 핵심 개념, 예시, 풀이 순서, 자주 하는 실수를 다시 맞춤",문제와 같은 코드·숫자·문자열을 그대로 반복하지 않고 같은 개념의 다른 예시 사용,1,3
PYTHON,7,제1장 print와 기본 출력,print 옵션 end/sep/f-string,전수 검토 후 학습하기 재매칭,"실제 문제 코드/지문 기준으로 핵심 개념, 예시, 풀이 순서, 자주 하는 실수를 다시 맞춤",문제와 같은 코드·숫자·문자열을 그대로 반복하지 않고 같은 개념의 다른 예시 사용,2,3
PYTHON,8,제1장 print와 기본 출력,print 기본 출력,전수 검토 후 학습하기 재매칭,"실제 문제 코드/지문 기준으로 핵심 개념, 예시, 풀이 순서, 자주 하는 실수를 다시 맞춤",문제와 같은 코드·숫자·문자열을 그대로 반복하지 않고 같은 개념의 다른 예시 사용,1,3
PYTHON,9,제1장 print와 기본 출력,print 기본 출력,전수 검토 후 학습하기 재매칭,"실제 문제 코드/지문 기준으로 핵심 개념, 예시, 풀이 순서, 자주 하는 실수를 다시 맞춤",문제와 같은 코드·숫자·문자열을 그대로 반복하지 않고 같은 개념의 다른 예시 사용,1,3
PYTHON,10,제1장 print와 기본 출력,print 기본 출력,전수 검토 후 학습하기 재매칭,"실제 문제 코드/지문 기준으로 핵심 개념, 예시, 풀이 순서, 자주 하는 실수를 다시 맞춤",문제와 같은 코드·숫자·문자열을 그대로 반복하지 않고 같은 개념의 다른 예시 사용,1,3
PYTHON,11,제2장 변수와 자료형,변수 대입과 참조,전수 검토 후 학습하기 재매칭,"실제 문제 코드/지문 기준으로 핵심 개념, 예시, 풀이 순서, 자주 하는 실수를 다시 맞춤",문제와 같은 코드·숫자·문자열을 그대로 반복하지 않고 같은 개념의 다른 예시 사용,2,3
PYTHON,12,제2장 변수와 자료형,자료형 확인과 형 변환,전수 검토 후 학습하기 재매칭,"실제 문제 코드/지문 기준으로 핵심 개념, 예시, 풀이 순서, 자주 하는 실수를 다시 맞춤",문제와 같은 코드·숫자·문자열을 그대로 반복하지 않고 같은 개념의 다른 예시 사용,2,3
PYTHON,13,제2장 변수와 자료형,자료형 확인과 형 변환,전수 검토 후 학습하기 재매칭,"실제 문제 코드/지문 기준으로 핵심 개념, 예시, 풀이 순서, 자주 하는 실수를 다시 맞춤",문제와 같은 코드·숫자·문자열을 그대로 반복하지 않고 같은 개념의 다른 예시 사용,2,3
PYTHON,14,제2장 변수와 자료형,변수 대입과 참조,전수 검토 후 학습하기 재매칭,"실제 문제 코드/지문 기준으로 핵심 개념, 예시, 풀이 순서, 자주 하는 실수를 다시 맞춤",문제와 같은 코드·숫자·문자열을 그대로 반복하지 않고 같은 개념의 다른 예시 사용,2,3
PYTHON,15,제2장 변수와 자료형,자료형 확인과 형 변환,전수 검토 후 학습하기 재매칭,"실제 문제 코드/지문 기준으로 핵심 개념, 예시, 풀이 순서, 자주 하는 실수를 다시 맞춤",문제와 같은 코드·숫자·문자열을 그대로 반복하지 않고 같은 개념의 다른 예시 사용,2,3
PYTHON,16,제2장 변수와 자료형,자료형 확인과 형 변환,전수 검토 후 학습하기 재매칭,"실제 문제 코드/지문 기준으로 핵심 개념, 예시, 풀이 순서, 자주 하는 실수를 다시 맞춤",문제와 같은 코드·숫자·문자열을 그대로 반복하지 않고 같은 개념의 다른 예시 사용,2,3
PYTHON,17,제2장 변수와 자료형,변수 대입과 참조,전수 검토 후 학습하기 재매칭,"실제 문제 코드/지문 기준으로 핵심 개념, 예시, 풀이 순서, 자주 하는 실수를 다시 맞춤",문제와 같은 코드·숫자·문자열을 그대로 반복하지 않고 같은 개념의 다른 예시 사용,2,3
PYTHON,18,제2장 변수와 자료형,자료형 확인과 형 변환,전수 검토 후 학습하기 재매칭,"실제 문제 코드/지문 기준으로 핵심 개념, 예시, 풀이 순서, 자주 하는 실수를 다시 맞춤",문제와 같은 코드·숫자·문자열을 그대로 반복하지 않고 같은 개념의 다른 예시 사용,2,3
PYTHON,19,제2장 변수와 자료형,자료형 확인과 형 변환,전수 검토 후 학습하기 재매칭,"실제 문제 코드/지문 기준으로 핵심 개념, 예시, 풀이 순서, 자주 하는 실수를 다시 맞춤",문제와 같은 코드·숫자·문자열을 그대로 반복하지 않고 같은 개념의 다른 예시 사용,2,3
PYTHON,20,제2장 변수와 자료형,자료형 확인과 형 변환,전수 검토 후 학습하기 재매칭,"실제 문제 코드/지문 기준으로 핵심 개념, 예시, 풀이 순서, 자주 하는 실수를 다시 맞춤",문제와 같은 코드·숫자·문자열을 그대로 반복하지 않고 같은 개념의 다른 예시 사용,2,3
PYTHON,21,제3장 숫자 연산과 대입 연산,숫자 연산자와 우선순위,전수 검토 후 학습하기 재매칭,"실제 문제 코드/지문 기준으로 핵심 개념, 예시, 풀이 순서, 자주 하는 실수를 다시 맞춤",문제와 같은 코드·숫자·문자열을 그대로 반복하지 않고 같은 개념의 다른 예시 사용,2,3
PYTHON,22,제3장 숫자 연산과 대입 연산,숫자 연산자와 우선순위,전수 검토 후 학습하기 재매칭,"실제 문제 코드/지문 기준으로 핵심 개념, 예시, 풀이 순서, 자주 하는 실수를 다시 맞춤",문제와 같은 코드·숫자·문자열을 그대로 반복하지 않고 같은 개념의 다른 예시 사용,2,3
PYTHON,23,제3장 숫자 연산과 대입 연산,숫자 연산자와 우선순위,전수 검토 후 학습하기 재매칭,"실제 문제 코드/지문 기준으로 핵심 개념, 예시, 풀이 순서, 자주 하는 실수를 다시 맞춤",문제와 같은 코드·숫자·문자열을 그대로 반복하지 않고 같은 개념의 다른 예시 사용,2,3
PYTHON,24,제3장 숫자 연산과 대입 연산,숫자 연산자와 우선순위,전수 검토 후 학습하기 재매칭,"실제 문제 코드/지문 기준으로 핵심 개념, 예시, 풀이 순서, 자주 하는 실수를 다시 맞춤",문제와 같은 코드·숫자·문자열을 그대로 반복하지 않고 같은 개념의 다른 예시 사용,2,3
PYTHON,25,제3장 숫자 연산과 대입 연산,숫자 연산자와 우선순위,전수 검토 후 학습하기 재매칭,"실제 문제 코드/지문 기준으로 핵심 개념, 예시, 풀이 순서, 자주 하는 실수를 다시 맞춤",문제와 같은 코드·숫자·문자열을 그대로 반복하지 않고 같은 개념의 다른 예시 사용,2,3
PYTHON,26,제3장 숫자 연산과 대입 연산,숫자 연산자와 우선순위,전수 검토 후 학습하기 재매칭,"실제 문제 코드/지문 기준으로 핵심 개념, 예시, 풀이 순서, 자주 하는 실수를 다시 맞춤",문제와 같은 코드·숫자·문자열을 그대로 반복하지 않고 같은 개념의 다른 예시 사용,2,3
PYTHON,27,제3장 숫자 연산과 대입 연산,비교·논리 연산,전수 검토 후 학습하기 재매칭,"실제 문제 코드/지문 기준으로 핵심 개념, 예시, 풀이 순서, 자주 하는 실수를 다시 맞춤",문제와 같은 코드·숫자·문자열을 그대로 반복하지 않고 같은 개념의 다른 예시 사용,2,3
PYTHON,28,제3장 숫자 연산과 대입 연산,비교·논리 연산,전수 검토 후 학습하기 재매칭,"실제 문제 코드/지문 기준으로 핵심 개념, 예시, 풀이 순서, 자주 하는 실수를 다시 맞춤",문제와 같은 코드·숫자·문자열을 그대로 반복하지 않고 같은 개념의 다른 예시 사용,2,3
PYTHON,29,제3장 숫자 연산과 대입 연산,숫자 연산자와 우선순위,전수 검토 후 학습하기 재매칭,"실제 문제 코드/지문 기준으로 핵심 개념, 예시, 풀이 순서, 자주 하는 실수를 다시 맞춤",문제와 같은 코드·숫자·문자열을 그대로 반복하지 않고 같은 개념의 다른 예시 사용,2,3
PYTHON,30,제3장 숫자 연산과 대입 연산,숫자 연산자와 우선순위,전수 검토 후 학습하기 재매칭,"실제 문제 코드/지문 기준으로 핵심 개념, 예시, 풀이 순서, 자주 하는 실수를 다시 맞춤",문제와 같은 코드·숫자·문자열을 그대로 반복하지 않고 같은 개념의 다른 예시 사용,2,3
PYTHON,31,제4장 문자열 처리,문자열 인덱싱·슬라이싱·메서드,전수 검토 후 학습하기 재매칭,"실제 문제 코드/지문 기준으로 핵심 개념, 예시, 풀이 순서, 자주 하는 실수를 다시 맞춤",문제와 같은 코드·숫자·문자열을 그대로 반복하지 않고 같은 개념의 다른 예시 사용,2,3
PYTHON,32,제4장 문자열 처리,문자열 인덱싱·슬라이싱·메서드,전수 검토 후 학습하기 재매칭,"실제 문제 코드/지문 기준으로 핵심 개념, 예시, 풀이 순서, 자주 하는 실수를 다시 맞춤",문제와 같은 코드·숫자·문자열을 그대로 반복하지 않고 같은 개념의 다른 예시 사용,2,3
PYTHON,33,제4장 문자열 처리,문자열 인덱싱·슬라이싱·메서드,전수 검토 후 학습하기 재매칭,"실제 문제 코드/지문 기준으로 핵심 개념, 예시, 풀이 순서, 자주 하는 실수를 다시 맞춤",문제와 같은 코드·숫자·문자열을 그대로 반복하지 않고 같은 개념의 다른 예시 사용,2,3
PYTHON,34,제4장 문자열 처리,문자열 인덱싱·슬라이싱·메서드,전수 검토 후 학습하기 재매칭,"실제 문제 코드/지문 기준으로 핵심 개념, 예시, 풀이 순서, 자주 하는 실수를 다시 맞춤",문제와 같은 코드·숫자·문자열을 그대로 반복하지 않고 같은 개념의 다른 예시 사용,2,3
PYTHON,35,제4장 문자열 처리,split/join/find/replace/in,전수 검토 후 학습하기 재매칭,"실제 문제 코드/지문 기준으로 핵심 개념, 예시, 풀이 순서, 자주 하는 실수를 다시 맞춤",문제와 같은 코드·숫자·문자열을 그대로 반복하지 않고 같은 개념의 다른 예시 사용,3,3
PYTHON,36,제4장 문자열 처리,split/join/find/replace/in,전수 검토 후 학습하기 재매칭,"실제 문제 코드/지문 기준으로 핵심 개념, 예시, 풀이 순서, 자주 하는 실수를 다시 맞춤",문제와 같은 코드·숫자·문자열을 그대로 반복하지 않고 같은 개념의 다른 예시 사용,3,3
PYTHON,37,제4장 문자열 처리,split/join/find/replace/in,전수 검토 후 학습하기 재매칭,"실제 문제 코드/지문 기준으로 핵심 개념, 예시, 풀이 순서, 자주 하는 실수를 다시 맞춤",문제와 같은 코드·숫자·문자열을 그대로 반복하지 않고 같은 개념의 다른 예시 사용,3,3
PYTHON,38,제4장 문자열 처리,split/join/find/replace/in,전수 검토 후 학습하기 재매칭,"실제 문제 코드/지문 기준으로 핵심 개념, 예시, 풀이 순서, 자주 하는 실수를 다시 맞춤",문제와 같은 코드·숫자·문자열을 그대로 반복하지 않고 같은 개념의 다른 예시 사용,3,3
PYTHON,39,제4장 문자열 처리,split/join/find/replace/in,전수 검토 후 학습하기 재매칭,"실제 문제 코드/지문 기준으로 핵심 개념, 예시, 풀이 순서, 자주 하는 실수를 다시 맞춤",문제와 같은 코드·숫자·문자열을 그대로 반복하지 않고 같은 개념의 다른 예시 사용,3,3
PYTHON,40,제4장 문자열 처리,문자열 인덱싱·슬라이싱·메서드,전수 검토 후 학습하기 재매칭,"실제 문제 코드/지문 기준으로 핵심 개념, 예시, 풀이 순서, 자주 하는 실수를 다시 맞춤",문제와 같은 코드·숫자·문자열을 그대로 반복하지 않고 같은 개념의 다른 예시 사용,2,3
PYTHON,41,제5장 리스트 기초,리스트 인덱싱과 메서드,전수 검토 후 학습하기 재매칭,"실제 문제 코드/지문 기준으로 핵심 개념, 예시, 풀이 순서, 자주 하는 실수를 다시 맞춤",문제와 같은 코드·숫자·문자열을 그대로 반복하지 않고 같은 개념의 다른 예시 사용,3,3
PYTHON,42,제5장 리스트 기초,리스트 인덱싱과 메서드,전수 검토 후 학습하기 재매칭,"실제 문제 코드/지문 기준으로 핵심 개념, 예시, 풀이 순서, 자주 하는 실수를 다시 맞춤",문제와 같은 코드·숫자·문자열을 그대로 반복하지 않고 같은 개념의 다른 예시 사용,3,3
PYTHON,43,제5장 리스트 기초,리스트 인덱싱과 메서드,전수 검토 후 학습하기 재매칭,"실제 문제 코드/지문 기준으로 핵심 개념, 예시, 풀이 순서, 자주 하는 실수를 다시 맞춤",문제와 같은 코드·숫자·문자열을 그대로 반복하지 않고 같은 개념의 다른 예시 사용,3,3
PYTHON,44,제5장 리스트 기초,리스트 인덱싱과 메서드,전수 검토 후 학습하기 재매칭,"실제 문제 코드/지문 기준으로 핵심 개념, 예시, 풀이 순서, 자주 하는 실수를 다시 맞춤",문제와 같은 코드·숫자·문자열을 그대로 반복하지 않고 같은 개념의 다른 예시 사용,3,3
PYTHON,45,제5장 리스트 기초,리스트 인덱싱과 메서드,전수 검토 후 학습하기 재매칭,"실제 문제 코드/지문 기준으로 핵심 개념, 예시, 풀이 순서, 자주 하는 실수를 다시 맞춤",문제와 같은 코드·숫자·문자열을 그대로 반복하지 않고 같은 개념의 다른 예시 사용,3,3
PYTHON,46,제5장 리스트 기초,리스트 인덱싱과 메서드,전수 검토 후 학습하기 재매칭,"실제 문제 코드/지문 기준으로 핵심 개념, 예시, 풀이 순서, 자주 하는 실수를 다시 맞춤",문제와 같은 코드·숫자·문자열을 그대로 반복하지 않고 같은 개념의 다른 예시 사용,3,3
PYTHON,47,제5장 리스트 기초,리스트 인덱싱과 메서드,전수 검토 후 학습하기 재매칭,"실제 문제 코드/지문 기준으로 핵심 개념, 예시, 풀이 순서, 자주 하는 실수를 다시 맞춤",문제와 같은 코드·숫자·문자열을 그대로 반복하지 않고 같은 개념의 다른 예시 사용,3,3
PYTHON,48,제5장 리스트 기초,리스트 인덱싱과 메서드,전수 검토 후 학습하기 재매칭,"실제 문제 코드/지문 기준으로 핵심 개념, 예시, 풀이 순서, 자주 하는 실수를 다시 맞춤",문제와 같은 코드·숫자·문자열을 그대로 반복하지 않고 같은 개념의 다른 예시 사용,3,3
PYTHON,49,제5장 리스트 기초,리스트 컴프리헨션,전수 검토 후 학습하기 재매칭,"실제 문제 코드/지문 기준으로 핵심 개념, 예시, 풀이 순서, 자주 하는 실수를 다시 맞춤",문제와 같은 코드·숫자·문자열을 그대로 반복하지 않고 같은 개념의 다른 예시 사용,2,3
PYTHON,50,제5장 리스트 기초,리스트 인덱싱과 메서드,전수 검토 후 학습하기 재매칭,"실제 문제 코드/지문 기준으로 핵심 개념, 예시, 풀이 순서, 자주 하는 실수를 다시 맞춤",문제와 같은 코드·숫자·문자열을 그대로 반복하지 않고 같은 개념의 다른 예시 사용,3,3
PYTHON,51,제6장 튜플과 set,튜플과 set,전수 검토 후 학습하기 재매칭,"실제 문제 코드/지문 기준으로 핵심 개념, 예시, 풀이 순서, 자주 하는 실수를 다시 맞춤",문제와 같은 코드·숫자·문자열을 그대로 반복하지 않고 같은 개념의 다른 예시 사용,3,3
PYTHON,52,제6장 튜플과 set,튜플과 set,전수 검토 후 학습하기 재매칭,"실제 문제 코드/지문 기준으로 핵심 개념, 예시, 풀이 순서, 자주 하는 실수를 다시 맞춤",문제와 같은 코드·숫자·문자열을 그대로 반복하지 않고 같은 개념의 다른 예시 사용,3,3
PYTHON,53,제6장 튜플과 set,튜플과 set,전수 검토 후 학습하기 재매칭,"실제 문제 코드/지문 기준으로 핵심 개념, 예시, 풀이 순서, 자주 하는 실수를 다시 맞춤",문제와 같은 코드·숫자·문자열을 그대로 반복하지 않고 같은 개념의 다른 예시 사용,3,3
PYTHON,54,제6장 튜플과 set,튜플과 set,전수 검토 후 학습하기 재매칭,"실제 문제 코드/지문 기준으로 핵심 개념, 예시, 풀이 순서, 자주 하는 실수를 다시 맞춤",문제와 같은 코드·숫자·문자열을 그대로 반복하지 않고 같은 개념의 다른 예시 사용,3,3
PYTHON,55,제6장 튜플과 set,튜플과 set,전수 검토 후 학습하기 재매칭,"실제 문제 코드/지문 기준으로 핵심 개념, 예시, 풀이 순서, 자주 하는 실수를 다시 맞춤",문제와 같은 코드·숫자·문자열을 그대로 반복하지 않고 같은 개념의 다른 예시 사용,3,3
PYTHON,56,제6장 튜플과 set,튜플과 set,전수 검토 후 학습하기 재매칭,"실제 문제 코드/지문 기준으로 핵심 개념, 예시, 풀이 순서, 자주 하는 실수를 다시 맞춤",문제와 같은 코드·숫자·문자열을 그대로 반복하지 않고 같은 개념의 다른 예시 사용,3,3
PYTHON,57,제6장 튜플과 set,튜플과 set,전수 검토 후 학습하기 재매칭,"실제 문제 코드/지문 기준으로 핵심 개념, 예시, 풀이 순서, 자주 하는 실수를 다시 맞춤",문제와 같은 코드·숫자·문자열을 그대로 반복하지 않고 같은 개념의 다른 예시 사용,3,3
PYTHON,58,제6장 튜플과 set,튜플과 set,전수 검토 후 학습하기 재매칭,"실제 문제 코드/지문 기준으로 핵심 개념, 예시, 풀이 순서, 자주 하는 실수를 다시 맞춤",문제와 같은 코드·숫자·문자열을 그대로 반복하지 않고 같은 개념의 다른 예시 사용,3,3
PYTHON,59,제6장 튜플과 set,튜플과 set,전수 검토 후 학습하기 재매칭,"실제 문제 코드/지문 기준으로 핵심 개념, 예시, 풀이 순서, 자주 하는 실수를 다시 맞춤",문제와 같은 코드·숫자·문자열을 그대로 반복하지 않고 같은 개념의 다른 예시 사용,3,3
PYTHON,60,제6장 튜플과 set,튜플과 set,전수 검토 후 학습하기 재매칭,"실제 문제 코드/지문 기준으로 핵심 개념, 예시, 풀이 순서, 자주 하는 실수를 다시 맞춤",문제와 같은 코드·숫자·문자열을 그대로 반복하지 않고 같은 개념의 다른 예시 사용,3,3
PYTHON,61,제7장 딕셔너리 기초,딕셔너리와 items,전수 검토 후 학습하기 재매칭,"실제 문제 코드/지문 기준으로 핵심 개념, 예시, 풀이 순서, 자주 하는 실수를 다시 맞춤",문제와 같은 코드·숫자·문자열을 그대로 반복하지 않고 같은 개념의 다른 예시 사용,2,3
PYTHON,62,제7장 딕셔너리 기초,딕셔너리와 items,전수 검토 후 학습하기 재매칭,"실제 문제 코드/지문 기준으로 핵심 개념, 예시, 풀이 순서, 자주 하는 실수를 다시 맞춤",문제와 같은 코드·숫자·문자열을 그대로 반복하지 않고 같은 개념의 다른 예시 사용,2,3
PYTHON,63,제7장 딕셔너리 기초,딕셔너리와 items,전수 검토 후 학습하기 재매칭,"실제 문제 코드/지문 기준으로 핵심 개념, 예시, 풀이 순서, 자주 하는 실수를 다시 맞춤",문제와 같은 코드·숫자·문자열을 그대로 반복하지 않고 같은 개념의 다른 예시 사용,2,3
PYTHON,64,제7장 딕셔너리 기초,딕셔너리와 items,전수 검토 후 학습하기 재매칭,"실제 문제 코드/지문 기준으로 핵심 개념, 예시, 풀이 순서, 자주 하는 실수를 다시 맞춤",문제와 같은 코드·숫자·문자열을 그대로 반복하지 않고 같은 개념의 다른 예시 사용,2,3
PYTHON,65,제7장 딕셔너리 기초,딕셔너리와 items,전수 검토 후 학습하기 재매칭,"실제 문제 코드/지문 기준으로 핵심 개념, 예시, 풀이 순서, 자주 하는 실수를 다시 맞춤",문제와 같은 코드·숫자·문자열을 그대로 반복하지 않고 같은 개념의 다른 예시 사용,2,3
PYTHON,66,제7장 딕셔너리 기초,딕셔너리와 items,전수 검토 후 학습하기 재매칭,"실제 문제 코드/지문 기준으로 핵심 개념, 예시, 풀이 순서, 자주 하는 실수를 다시 맞춤",문제와 같은 코드·숫자·문자열을 그대로 반복하지 않고 같은 개념의 다른 예시 사용,2,3
PYTHON,67,제7장 딕셔너리 기초,딕셔너리와 items,전수 검토 후 학습하기 재매칭,"실제 문제 코드/지문 기준으로 핵심 개념, 예시, 풀이 순서, 자주 하는 실수를 다시 맞춤",문제와 같은 코드·숫자·문자열을 그대로 반복하지 않고 같은 개념의 다른 예시 사용,2,3
PYTHON,68,제7장 딕셔너리 기초,딕셔너리와 items,전수 검토 후 학습하기 재매칭,"실제 문제 코드/지문 기준으로 핵심 개념, 예시, 풀이 순서, 자주 하는 실수를 다시 맞춤",문제와 같은 코드·숫자·문자열을 그대로 반복하지 않고 같은 개념의 다른 예시 사용,2,3
PYTHON,69,제7장 딕셔너리 기초,딕셔너리와 items,전수 검토 후 학습하기 재매칭,"실제 문제 코드/지문 기준으로 핵심 개념, 예시, 풀이 순서, 자주 하는 실수를 다시 맞춤",문제와 같은 코드·숫자·문자열을 그대로 반복하지 않고 같은 개념의 다른 예시 사용,2,3
PYTHON,70,제7장 딕셔너리 기초,딕셔너리와 items,전수 검토 후 학습하기 재매칭,"실제 문제 코드/지문 기준으로 핵심 개념, 예시, 풀이 순서, 자주 하는 실수를 다시 맞춤",문제와 같은 코드·숫자·문자열을 그대로 반복하지 않고 같은 개념의 다른 예시 사용,2,3
PYTHON,71,제8장 인덱싱과 슬라이싱,문자열 인덱싱·슬라이싱·메서드,전수 검토 후 학습하기 재매칭,"실제 문제 코드/지문 기준으로 핵심 개념, 예시, 풀이 순서, 자주 하는 실수를 다시 맞춤",문제와 같은 코드·숫자·문자열을 그대로 반복하지 않고 같은 개념의 다른 예시 사용,2,3
PYTHON,72,제8장 인덱싱과 슬라이싱,문자열 인덱싱·슬라이싱·메서드,전수 검토 후 학습하기 재매칭,"실제 문제 코드/지문 기준으로 핵심 개념, 예시, 풀이 순서, 자주 하는 실수를 다시 맞춤",문제와 같은 코드·숫자·문자열을 그대로 반복하지 않고 같은 개념의 다른 예시 사용,2,3
PYTHON,73,제8장 인덱싱과 슬라이싱,문자열 인덱싱·슬라이싱·메서드,전수 검토 후 학습하기 재매칭,"실제 문제 코드/지문 기준으로 핵심 개념, 예시, 풀이 순서, 자주 하는 실수를 다시 맞춤",문제와 같은 코드·숫자·문자열을 그대로 반복하지 않고 같은 개념의 다른 예시 사용,2,3
PYTHON,74,제8장 인덱싱과 슬라이싱,문자열 인덱싱·슬라이싱·메서드,전수 검토 후 학습하기 재매칭,"실제 문제 코드/지문 기준으로 핵심 개념, 예시, 풀이 순서, 자주 하는 실수를 다시 맞춤",문제와 같은 코드·숫자·문자열을 그대로 반복하지 않고 같은 개념의 다른 예시 사용,2,3
PYTHON,75,제8장 인덱싱과 슬라이싱,문자열 인덱싱·슬라이싱·메서드,전수 검토 후 학습하기 재매칭,"실제 문제 코드/지문 기준으로 핵심 개념, 예시, 풀이 순서, 자주 하는 실수를 다시 맞춤",문제와 같은 코드·숫자·문자열을 그대로 반복하지 않고 같은 개념의 다른 예시 사용,2,3
PYTHON,76,제8장 인덱싱과 슬라이싱,문자열 인덱싱·슬라이싱·메서드,전수 검토 후 학습하기 재매칭,"실제 문제 코드/지문 기준으로 핵심 개념, 예시, 풀이 순서, 자주 하는 실수를 다시 맞춤",문제와 같은 코드·숫자·문자열을 그대로 반복하지 않고 같은 개념의 다른 예시 사용,2,3
PYTHON,77,제8장 인덱싱과 슬라이싱,문자열 인덱싱·슬라이싱·메서드,전수 검토 후 학습하기 재매칭,"실제 문제 코드/지문 기준으로 핵심 개념, 예시, 풀이 순서, 자주 하는 실수를 다시 맞춤",문제와 같은 코드·숫자·문자열을 그대로 반복하지 않고 같은 개념의 다른 예시 사용,2,3
PYTHON,78,제8장 인덱싱과 슬라이싱,문자열 인덱싱·슬라이싱·메서드,전수 검토 후 학습하기 재매칭,"실제 문제 코드/지문 기준으로 핵심 개념, 예시, 풀이 순서, 자주 하는 실수를 다시 맞춤",문제와 같은 코드·숫자·문자열을 그대로 반복하지 않고 같은 개념의 다른 예시 사용,2,3
PYTHON,79,제8장 인덱싱과 슬라이싱,문자열 인덱싱·슬라이싱·메서드,전수 검토 후 학습하기 재매칭,"실제 문제 코드/지문 기준으로 핵심 개념, 예시, 풀이 순서, 자주 하는 실수를 다시 맞춤",문제와 같은 코드·숫자·문자열을 그대로 반복하지 않고 같은 개념의 다른 예시 사용,2,3
PYTHON,80,제8장 인덱싱과 슬라이싱,문자열 인덱싱·슬라이싱·메서드,전수 검토 후 학습하기 재매칭,"실제 문제 코드/지문 기준으로 핵심 개념, 예시, 풀이 순서, 자주 하는 실수를 다시 맞춤",문제와 같은 코드·숫자·문자열을 그대로 반복하지 않고 같은 개념의 다른 예시 사용,2,3
PYTHON,81,제9장 조건문,조건문과 삼항 표현식,전수 검토 후 학습하기 재매칭,"실제 문제 코드/지문 기준으로 핵심 개념, 예시, 풀이 순서, 자주 하는 실수를 다시 맞춤",문제와 같은 코드·숫자·문자열을 그대로 반복하지 않고 같은 개념의 다른 예시 사용,2,3
PYTHON,82,제9장 조건문,조건문과 삼항 표현식,전수 검토 후 학습하기 재매칭,"실제 문제 코드/지문 기준으로 핵심 개념, 예시, 풀이 순서, 자주 하는 실수를 다시 맞춤",문제와 같은 코드·숫자·문자열을 그대로 반복하지 않고 같은 개념의 다른 예시 사용,2,3
PYTHON,83,제9장 조건문,조건문과 삼항 표현식,전수 검토 후 학습하기 재매칭,"실제 문제 코드/지문 기준으로 핵심 개념, 예시, 풀이 순서, 자주 하는 실수를 다시 맞춤",문제와 같은 코드·숫자·문자열을 그대로 반복하지 않고 같은 개념의 다른 예시 사용,2,3
PYTHON,84,제9장 조건문,조건문과 삼항 표현식,전수 검토 후 학습하기 재매칭,"실제 문제 코드/지문 기준으로 핵심 개념, 예시, 풀이 순서, 자주 하는 실수를 다시 맞춤",문제와 같은 코드·숫자·문자열을 그대로 반복하지 않고 같은 개념의 다른 예시 사용,2,3
PYTHON,85,제9장 조건문,조건문과 삼항 표현식,전수 검토 후 학습하기 재매칭,"실제 문제 코드/지문 기준으로 핵심 개념, 예시, 풀이 순서, 자주 하는 실수를 다시 맞춤",문제와 같은 코드·숫자·문자열을 그대로 반복하지 않고 같은 개념의 다른 예시 사용,2,3
PYTHON,86,제9장 조건문,조건문과 삼항 표현식,전수 검토 후 학습하기 재매칭,"실제 문제 코드/지문 기준으로 핵심 개념, 예시, 풀이 순서, 자주 하는 실수를 다시 맞춤",문제와 같은 코드·숫자·문자열을 그대로 반복하지 않고 같은 개념의 다른 예시 사용,2,3
PYTHON,87,제9장 조건문,조건문과 삼항 표현식,전수 검토 후 학습하기 재매칭,"실제 문제 코드/지문 기준으로 핵심 개념, 예시, 풀이 순서, 자주 하는 실수를 다시 맞춤",문제와 같은 코드·숫자·문자열을 그대로 반복하지 않고 같은 개념의 다른 예시 사용,2,3
PYTHON,88,제9장 조건문,조건문과 삼항 표현식,전수 검토 후 학습하기 재매칭,"실제 문제 코드/지문 기준으로 핵심 개념, 예시, 풀이 순서, 자주 하는 실수를 다시 맞춤",문제와 같은 코드·숫자·문자열을 그대로 반복하지 않고 같은 개념의 다른 예시 사용,2,3
PYTHON,89,제9장 조건문,조건문과 삼항 표현식,전수 검토 후 학습하기 재매칭,"실제 문제 코드/지문 기준으로 핵심 개념, 예시, 풀이 순서, 자주 하는 실수를 다시 맞춤",문제와 같은 코드·숫자·문자열을 그대로 반복하지 않고 같은 개념의 다른 예시 사용,2,3
PYTHON,90,제9장 조건문,조건문과 삼항 표현식,전수 검토 후 학습하기 재매칭,"실제 문제 코드/지문 기준으로 핵심 개념, 예시, 풀이 순서, 자주 하는 실수를 다시 맞춤",문제와 같은 코드·숫자·문자열을 그대로 반복하지 않고 같은 개념의 다른 예시 사용,2,3
PYTHON,91,제10장 반복문 for / while,반복문과 흐름 제어,전수 검토 후 학습하기 재매칭,"실제 문제 코드/지문 기준으로 핵심 개념, 예시, 풀이 순서, 자주 하는 실수를 다시 맞춤",문제와 같은 코드·숫자·문자열을 그대로 반복하지 않고 같은 개념의 다른 예시 사용,2,3
PYTHON,92,제10장 반복문 for / while,반복문과 흐름 제어,전수 검토 후 학습하기 재매칭,"실제 문제 코드/지문 기준으로 핵심 개념, 예시, 풀이 순서, 자주 하는 실수를 다시 맞춤",문제와 같은 코드·숫자·문자열을 그대로 반복하지 않고 같은 개념의 다른 예시 사용,2,3
PYTHON,93,제10장 반복문 for / while,반복문과 흐름 제어,전수 검토 후 학습하기 재매칭,"실제 문제 코드/지문 기준으로 핵심 개념, 예시, 풀이 순서, 자주 하는 실수를 다시 맞춤",문제와 같은 코드·숫자·문자열을 그대로 반복하지 않고 같은 개념의 다른 예시 사용,2,3
PYTHON,94,제10장 반복문 for / while,반복문과 흐름 제어,전수 검토 후 학습하기 재매칭,"실제 문제 코드/지문 기준으로 핵심 개념, 예시, 풀이 순서, 자주 하는 실수를 다시 맞춤",문제와 같은 코드·숫자·문자열을 그대로 반복하지 않고 같은 개념의 다른 예시 사용,2,3
PYTHON,95,제10장 반복문 for / while,반복문과 흐름 제어,전수 검토 후 학습하기 재매칭,"실제 문제 코드/지문 기준으로 핵심 개념, 예시, 풀이 순서, 자주 하는 실수를 다시 맞춤",문제와 같은 코드·숫자·문자열을 그대로 반복하지 않고 같은 개념의 다른 예시 사용,2,3
PYTHON,96,제10장 반복문 for / while,반복문과 흐름 제어,전수 검토 후 학습하기 재매칭,"실제 문제 코드/지문 기준으로 핵심 개념, 예시, 풀이 순서, 자주 하는 실수를 다시 맞춤",문제와 같은 코드·숫자·문자열을 그대로 반복하지 않고 같은 개념의 다른 예시 사용,2,3
PYTHON,97,제10장 반복문 for / while,반복문과 흐름 제어,전수 검토 후 학습하기 재매칭,"실제 문제 코드/지문 기준으로 핵심 개념, 예시, 풀이 순서, 자주 하는 실수를 다시 맞춤",문제와 같은 코드·숫자·문자열을 그대로 반복하지 않고 같은 개념의 다른 예시 사용,2,3
PYTHON,98,제10장 반복문 for / while,반복문과 흐름 제어,전수 검토 후 학습하기 재매칭,"실제 문제 코드/지문 기준으로 핵심 개념, 예시, 풀이 순서, 자주 하는 실수를 다시 맞춤",문제와 같은 코드·숫자·문자열을 그대로 반복하지 않고 같은 개념의 다른 예시 사용,2,3
PYTHON,99,제10장 반복문 for / while,반복문과 흐름 제어,전수 검토 후 학습하기 재매칭,"실제 문제 코드/지문 기준으로 핵심 개념, 예시, 풀이 순서, 자주 하는 실수를 다시 맞춤",문제와 같은 코드·숫자·문자열을 그대로 반복하지 않고 같은 개념의 다른 예시 사용,2,3
PYTHON,100,제10장 반복문 for / while,반복문과 흐름 제어,전수 검토 후 학습하기 재매칭,"실제 문제 코드/지문 기준으로 핵심 개념, 예시, 풀이 순서, 자주 하는 실수를 다시 맞춤",문제와 같은 코드·숫자·문자열을 그대로 반복하지 않고 같은 개념의 다른 예시 사용,2,3
PYTHON,101,"제11장 range, enumerate, zip",range enumerate zip,전수 검토 후 학습하기 재매칭,"실제 문제 코드/지문 기준으로 핵심 개념, 예시, 풀이 순서, 자주 하는 실수를 다시 맞춤",문제와 같은 코드·숫자·문자열을 그대로 반복하지 않고 같은 개념의 다른 예시 사용,3,3
PYTHON,102,"제11장 range, enumerate, zip",range enumerate zip,전수 검토 후 학습하기 재매칭,"실제 문제 코드/지문 기준으로 핵심 개념, 예시, 풀이 순서, 자주 하는 실수를 다시 맞춤",문제와 같은 코드·숫자·문자열을 그대로 반복하지 않고 같은 개념의 다른 예시 사용,3,3
PYTHON,103,"제11장 range, enumerate, zip",range enumerate zip,전수 검토 후 학습하기 재매칭,"실제 문제 코드/지문 기준으로 핵심 개념, 예시, 풀이 순서, 자주 하는 실수를 다시 맞춤",문제와 같은 코드·숫자·문자열을 그대로 반복하지 않고 같은 개념의 다른 예시 사용,3,3
PYTHON,104,"제11장 range, enumerate, zip",range enumerate zip,전수 검토 후 학습하기 재매칭,"실제 문제 코드/지문 기준으로 핵심 개념, 예시, 풀이 순서, 자주 하는 실수를 다시 맞춤",문제와 같은 코드·숫자·문자열을 그대로 반복하지 않고 같은 개념의 다른 예시 사용,3,3
PYTHON,105,"제11장 range, enumerate, zip",range enumerate zip,전수 검토 후 학습하기 재매칭,"실제 문제 코드/지문 기준으로 핵심 개념, 예시, 풀이 순서, 자주 하는 실수를 다시 맞춤",문제와 같은 코드·숫자·문자열을 그대로 반복하지 않고 같은 개념의 다른 예시 사용,3,3
PYTHON,106,"제11장 range, enumerate, zip",range enumerate zip,전수 검토 후 학습하기 재매칭,"실제 문제 코드/지문 기준으로 핵심 개념, 예시, 풀이 순서, 자주 하는 실수를 다시 맞춤",문제와 같은 코드·숫자·문자열을 그대로 반복하지 않고 같은 개념의 다른 예시 사용,3,3
PYTHON,107,"제11장 range, enumerate, zip",range enumerate zip,전수 검토 후 학습하기 재매칭,"실제 문제 코드/지문 기준으로 핵심 개념, 예시, 풀이 순서, 자주 하는 실수를 다시 맞춤",문제와 같은 코드·숫자·문자열을 그대로 반복하지 않고 같은 개념의 다른 예시 사용,3,3
PYTHON,108,"제11장 range, enumerate, zip",range enumerate zip,전수 검토 후 학습하기 재매칭,"실제 문제 코드/지문 기준으로 핵심 개념, 예시, 풀이 순서, 자주 하는 실수를 다시 맞춤",문제와 같은 코드·숫자·문자열을 그대로 반복하지 않고 같은 개념의 다른 예시 사용,3,3
PYTHON,109,"제11장 range, enumerate, zip",range enumerate zip,전수 검토 후 학습하기 재매칭,"실제 문제 코드/지문 기준으로 핵심 개념, 예시, 풀이 순서, 자주 하는 실수를 다시 맞춤",문제와 같은 코드·숫자·문자열을 그대로 반복하지 않고 같은 개념의 다른 예시 사용,3,3
PYTHON,110,"제11장 range, enumerate, zip",range enumerate zip,전수 검토 후 학습하기 재매칭,"실제 문제 코드/지문 기준으로 핵심 개념, 예시, 풀이 순서, 자주 하는 실수를 다시 맞춤",문제와 같은 코드·숫자·문자열을 그대로 반복하지 않고 같은 개념의 다른 예시 사용,3,3
PYTHON,111,제12장 함수와 return,함수와 return,전수 검토 후 학습하기 재매칭,"실제 문제 코드/지문 기준으로 핵심 개념, 예시, 풀이 순서, 자주 하는 실수를 다시 맞춤",문제와 같은 코드·숫자·문자열을 그대로 반복하지 않고 같은 개념의 다른 예시 사용,2,3
PYTHON,112,제12장 함수와 return,함수와 return,전수 검토 후 학습하기 재매칭,"실제 문제 코드/지문 기준으로 핵심 개념, 예시, 풀이 순서, 자주 하는 실수를 다시 맞춤",문제와 같은 코드·숫자·문자열을 그대로 반복하지 않고 같은 개념의 다른 예시 사용,2,3
PYTHON,113,제12장 함수와 return,함수와 return,전수 검토 후 학습하기 재매칭,"실제 문제 코드/지문 기준으로 핵심 개념, 예시, 풀이 순서, 자주 하는 실수를 다시 맞춤",문제와 같은 코드·숫자·문자열을 그대로 반복하지 않고 같은 개념의 다른 예시 사용,2,3
PYTHON,114,제12장 함수와 return,함수와 return,전수 검토 후 학습하기 재매칭,"실제 문제 코드/지문 기준으로 핵심 개념, 예시, 풀이 순서, 자주 하는 실수를 다시 맞춤",문제와 같은 코드·숫자·문자열을 그대로 반복하지 않고 같은 개념의 다른 예시 사용,2,3
PYTHON,115,제12장 함수와 return,함수와 return,전수 검토 후 학습하기 재매칭,"실제 문제 코드/지문 기준으로 핵심 개념, 예시, 풀이 순서, 자주 하는 실수를 다시 맞춤",문제와 같은 코드·숫자·문자열을 그대로 반복하지 않고 같은 개념의 다른 예시 사용,2,3
PYTHON,116,제12장 함수와 return,함수와 return,전수 검토 후 학습하기 재매칭,"실제 문제 코드/지문 기준으로 핵심 개념, 예시, 풀이 순서, 자주 하는 실수를 다시 맞춤",문제와 같은 코드·숫자·문자열을 그대로 반복하지 않고 같은 개념의 다른 예시 사용,2,3
PYTHON,117,제12장 함수와 return,함수와 return,전수 검토 후 학습하기 재매칭,"실제 문제 코드/지문 기준으로 핵심 개념, 예시, 풀이 순서, 자주 하는 실수를 다시 맞춤",문제와 같은 코드·숫자·문자열을 그대로 반복하지 않고 같은 개념의 다른 예시 사용,2,3
PYTHON,118,제12장 함수와 return,함수와 return,전수 검토 후 학습하기 재매칭,"실제 문제 코드/지문 기준으로 핵심 개념, 예시, 풀이 순서, 자주 하는 실수를 다시 맞춤",문제와 같은 코드·숫자·문자열을 그대로 반복하지 않고 같은 개념의 다른 예시 사용,2,3
PYTHON,119,제12장 함수와 return,함수와 return,전수 검토 후 학습하기 재매칭,"실제 문제 코드/지문 기준으로 핵심 개념, 예시, 풀이 순서, 자주 하는 실수를 다시 맞춤",문제와 같은 코드·숫자·문자열을 그대로 반복하지 않고 같은 개념의 다른 예시 사용,2,3
PYTHON,120,제12장 함수와 return,함수와 return,전수 검토 후 학습하기 재매칭,"실제 문제 코드/지문 기준으로 핵심 개념, 예시, 풀이 순서, 자주 하는 실수를 다시 맞춤",문제와 같은 코드·숫자·문자열을 그대로 반복하지 않고 같은 개념의 다른 예시 사용,2,3
PYTHON,121,제13장 리스트 컴프리헨션과 응용,리스트 컴프리헨션,전수 검토 후 학습하기 재매칭,"실제 문제 코드/지문 기준으로 핵심 개념, 예시, 풀이 순서, 자주 하는 실수를 다시 맞춤",문제와 같은 코드·숫자·문자열을 그대로 반복하지 않고 같은 개념의 다른 예시 사용,2,3
PYTHON,122,제13장 리스트 컴프리헨션과 응용,리스트 컴프리헨션,전수 검토 후 학습하기 재매칭,"실제 문제 코드/지문 기준으로 핵심 개념, 예시, 풀이 순서, 자주 하는 실수를 다시 맞춤",문제와 같은 코드·숫자·문자열을 그대로 반복하지 않고 같은 개념의 다른 예시 사용,2,3
PYTHON,123,제13장 리스트 컴프리헨션과 응용,리스트 컴프리헨션,전수 검토 후 학습하기 재매칭,"실제 문제 코드/지문 기준으로 핵심 개념, 예시, 풀이 순서, 자주 하는 실수를 다시 맞춤",문제와 같은 코드·숫자·문자열을 그대로 반복하지 않고 같은 개념의 다른 예시 사용,2,3
PYTHON,124,제13장 리스트 컴프리헨션과 응용,리스트 컴프리헨션,전수 검토 후 학습하기 재매칭,"실제 문제 코드/지문 기준으로 핵심 개념, 예시, 풀이 순서, 자주 하는 실수를 다시 맞춤",문제와 같은 코드·숫자·문자열을 그대로 반복하지 않고 같은 개념의 다른 예시 사용,2,3
PYTHON,125,제13장 리스트 컴프리헨션과 응용,리스트 컴프리헨션,전수 검토 후 학습하기 재매칭,"실제 문제 코드/지문 기준으로 핵심 개념, 예시, 풀이 순서, 자주 하는 실수를 다시 맞춤",문제와 같은 코드·숫자·문자열을 그대로 반복하지 않고 같은 개념의 다른 예시 사용,2,3
PYTHON,126,제13장 리스트 컴프리헨션과 응용,리스트 컴프리헨션,전수 검토 후 학습하기 재매칭,"실제 문제 코드/지문 기준으로 핵심 개념, 예시, 풀이 순서, 자주 하는 실수를 다시 맞춤",문제와 같은 코드·숫자·문자열을 그대로 반복하지 않고 같은 개념의 다른 예시 사용,2,3
PYTHON,127,제13장 리스트 컴프리헨션과 응용,리스트 컴프리헨션,전수 검토 후 학습하기 재매칭,"실제 문제 코드/지문 기준으로 핵심 개념, 예시, 풀이 순서, 자주 하는 실수를 다시 맞춤",문제와 같은 코드·숫자·문자열을 그대로 반복하지 않고 같은 개념의 다른 예시 사용,2,3
PYTHON,128,제13장 리스트 컴프리헨션과 응용,리스트 컴프리헨션,전수 검토 후 학습하기 재매칭,"실제 문제 코드/지문 기준으로 핵심 개념, 예시, 풀이 순서, 자주 하는 실수를 다시 맞춤",문제와 같은 코드·숫자·문자열을 그대로 반복하지 않고 같은 개념의 다른 예시 사용,2,3
PYTHON,129,제13장 리스트 컴프리헨션과 응용,리스트 컴프리헨션,전수 검토 후 학습하기 재매칭,"실제 문제 코드/지문 기준으로 핵심 개념, 예시, 풀이 순서, 자주 하는 실수를 다시 맞춤",문제와 같은 코드·숫자·문자열을 그대로 반복하지 않고 같은 개념의 다른 예시 사용,2,3
PYTHON,130,제13장 리스트 컴프리헨션과 응용,리스트 컴프리헨션,전수 검토 후 학습하기 재매칭,"실제 문제 코드/지문 기준으로 핵심 개념, 예시, 풀이 순서, 자주 하는 실수를 다시 맞춤",문제와 같은 코드·숫자·문자열을 그대로 반복하지 않고 같은 개념의 다른 예시 사용,2,3
PYTHON,131,제14장 오류 찾기와 코드 수정,오류 찾기와 예외,전수 검토 후 학습하기 재매칭,"실제 문제 코드/지문 기준으로 핵심 개념, 예시, 풀이 순서, 자주 하는 실수를 다시 맞춤",문제와 같은 코드·숫자·문자열을 그대로 반복하지 않고 같은 개념의 다른 예시 사용,3,3
PYTHON,132,제14장 오류 찾기와 코드 수정,오류 찾기와 예외,전수 검토 후 학습하기 재매칭,"실제 문제 코드/지문 기준으로 핵심 개념, 예시, 풀이 순서, 자주 하는 실수를 다시 맞춤",문제와 같은 코드·숫자·문자열을 그대로 반복하지 않고 같은 개념의 다른 예시 사용,3,3
PYTHON,133,제14장 오류 찾기와 코드 수정,오류 찾기와 예외,전수 검토 후 학습하기 재매칭,"실제 문제 코드/지문 기준으로 핵심 개념, 예시, 풀이 순서, 자주 하는 실수를 다시 맞춤",문제와 같은 코드·숫자·문자열을 그대로 반복하지 않고 같은 개념의 다른 예시 사용,3,3
PYTHON,134,제14장 오류 찾기와 코드 수정,오류 찾기와 예외,전수 검토 후 학습하기 재매칭,"실제 문제 코드/지문 기준으로 핵심 개념, 예시, 풀이 순서, 자주 하는 실수를 다시 맞춤",문제와 같은 코드·숫자·문자열을 그대로 반복하지 않고 같은 개념의 다른 예시 사용,3,3
PYTHON,135,제14장 오류 찾기와 코드 수정,오류 찾기와 예외,전수 검토 후 학습하기 재매칭,"실제 문제 코드/지문 기준으로 핵심 개념, 예시, 풀이 순서, 자주 하는 실수를 다시 맞춤",문제와 같은 코드·숫자·문자열을 그대로 반복하지 않고 같은 개념의 다른 예시 사용,3,3
PYTHON,136,제14장 오류 찾기와 코드 수정,오류 찾기와 예외,전수 검토 후 학습하기 재매칭,"실제 문제 코드/지문 기준으로 핵심 개념, 예시, 풀이 순서, 자주 하는 실수를 다시 맞춤",문제와 같은 코드·숫자·문자열을 그대로 반복하지 않고 같은 개념의 다른 예시 사용,3,3
PYTHON,137,제14장 오류 찾기와 코드 수정,오류 찾기와 예외,전수 검토 후 학습하기 재매칭,"실제 문제 코드/지문 기준으로 핵심 개념, 예시, 풀이 순서, 자주 하는 실수를 다시 맞춤",문제와 같은 코드·숫자·문자열을 그대로 반복하지 않고 같은 개념의 다른 예시 사용,3,3
PYTHON,138,제14장 오류 찾기와 코드 수정,오류 찾기와 예외,전수 검토 후 학습하기 재매칭,"실제 문제 코드/지문 기준으로 핵심 개념, 예시, 풀이 순서, 자주 하는 실수를 다시 맞춤",문제와 같은 코드·숫자·문자열을 그대로 반복하지 않고 같은 개념의 다른 예시 사용,3,3
PYTHON,139,제14장 오류 찾기와 코드 수정,오류 찾기와 예외,전수 검토 후 학습하기 재매칭,"실제 문제 코드/지문 기준으로 핵심 개념, 예시, 풀이 순서, 자주 하는 실수를 다시 맞춤",문제와 같은 코드·숫자·문자열을 그대로 반복하지 않고 같은 개념의 다른 예시 사용,3,3
PYTHON,140,제14장 오류 찾기와 코드 수정,오류 찾기와 예외,전수 검토 후 학습하기 재매칭,"실제 문제 코드/지문 기준으로 핵심 개념, 예시, 풀이 순서, 자주 하는 실수를 다시 맞춤",문제와 같은 코드·숫자·문자열을 그대로 반복하지 않고 같은 개념의 다른 예시 사용,3,3
PYTHON,141,제15장 실전 코드 실행 결과,실전 코드 흐름 추적,전수 검토 후 학습하기 재매칭,"실제 문제 코드/지문 기준으로 핵심 개념, 예시, 풀이 순서, 자주 하는 실수를 다시 맞춤",문제와 같은 코드·숫자·문자열을 그대로 반복하지 않고 같은 개념의 다른 예시 사용,2,3
PYTHON,142,제15장 실전 코드 실행 결과,실전 코드 흐름 추적,전수 검토 후 학습하기 재매칭,"실제 문제 코드/지문 기준으로 핵심 개념, 예시, 풀이 순서, 자주 하는 실수를 다시 맞춤",문제와 같은 코드·숫자·문자열을 그대로 반복하지 않고 같은 개념의 다른 예시 사용,2,3
PYTHON,143,제15장 실전 코드 실행 결과,실전 코드 흐름 추적,전수 검토 후 학습하기 재매칭,"실제 문제 코드/지문 기준으로 핵심 개념, 예시, 풀이 순서, 자주 하는 실수를 다시 맞춤",문제와 같은 코드·숫자·문자열을 그대로 반복하지 않고 같은 개념의 다른 예시 사용,2,3
PYTHON,144,제15장 실전 코드 실행 결과,실전 코드 흐름 추적,전수 검토 후 학습하기 재매칭,"실제 문제 코드/지문 기준으로 핵심 개념, 예시, 풀이 순서, 자주 하는 실수를 다시 맞춤",문제와 같은 코드·숫자·문자열을 그대로 반복하지 않고 같은 개념의 다른 예시 사용,2,3
PYTHON,145,제15장 실전 코드 실행 결과,실전 코드 흐름 추적,전수 검토 후 학습하기 재매칭,"실제 문제 코드/지문 기준으로 핵심 개념, 예시, 풀이 순서, 자주 하는 실수를 다시 맞춤",문제와 같은 코드·숫자·문자열을 그대로 반복하지 않고 같은 개념의 다른 예시 사용,2,3
PYTHON,146,제15장 실전 코드 실행 결과,실전 코드 흐름 추적,전수 검토 후 학습하기 재매칭,"실제 문제 코드/지문 기준으로 핵심 개념, 예시, 풀이 순서, 자주 하는 실수를 다시 맞춤",문제와 같은 코드·숫자·문자열을 그대로 반복하지 않고 같은 개념의 다른 예시 사용,2,3
PYTHON,147,제15장 실전 코드 실행 결과,실전 코드 흐름 추적,전수 검토 후 학습하기 재매칭,"실제 문제 코드/지문 기준으로 핵심 개념, 예시, 풀이 순서, 자주 하는 실수를 다시 맞춤",문제와 같은 코드·숫자·문자열을 그대로 반복하지 않고 같은 개념의 다른 예시 사용,2,3
PYTHON,148,제15장 실전 코드 실행 결과,실전 코드 흐름 추적,전수 검토 후 학습하기 재매칭,"실제 문제 코드/지문 기준으로 핵심 개념, 예시, 풀이 순서, 자주 하는 실수를 다시 맞춤",문제와 같은 코드·숫자·문자열을 그대로 반복하지 않고 같은 개념의 다른 예시 사용,2,3
PYTHON,149,제15장 실전 코드 실행 결과,실전 코드 흐름 추적,전수 검토 후 학습하기 재매칭,"실제 문제 코드/지문 기준으로 핵심 개념, 예시, 풀이 순서, 자주 하는 실수를 다시 맞춤",문제와 같은 코드·숫자·문자열을 그대로 반복하지 않고 같은 개념의 다른 예시 사용,2,3
PYTHON,150,제15장 실전 코드 실행 결과,실전 코드 흐름 추적,전수 검토 후 학습하기 재매칭,"실제 문제 코드/지문 기준으로 핵심 개념, 예시, 풀이 순서, 자주 하는 실수를 다시 맞춤",문제와 같은 코드·숫자·문자열을 그대로 반복하지 않고 같은 개념의 다른 예시 사용,2,3
JAVA,1,제1장 Java 기본 구조와 출력,Java 출력과 main 구조,전수 검토 후 학습하기 재매칭,"실제 문제 코드/지문 기준으로 핵심 개념, 예시, 풀이 순서, 자주 하는 실수를 다시 맞춤",문제와 같은 코드·숫자·문자열을 그대로 반복하지 않고 같은 개념의 다른 예시 사용,1,4
JAVA,2,제1장 Java 기본 구조와 출력,Java 출력과 main 구조,전수 검토 후 학습하기 재매칭,"실제 문제 코드/지문 기준으로 핵심 개념, 예시, 풀이 순서, 자주 하는 실수를 다시 맞춤",문제와 같은 코드·숫자·문자열을 그대로 반복하지 않고 같은 개념의 다른 예시 사용,1,4
JAVA,3,제1장 Java 기본 구조와 출력,Java 출력과 main 구조,전수 검토 후 학습하기 재매칭,"실제 문제 코드/지문 기준으로 핵심 개념, 예시, 풀이 순서, 자주 하는 실수를 다시 맞춤",문제와 같은 코드·숫자·문자열을 그대로 반복하지 않고 같은 개념의 다른 예시 사용,1,4
JAVA,4,제1장 Java 기본 구조와 출력,Java 출력과 main 구조,전수 검토 후 학습하기 재매칭,"실제 문제 코드/지문 기준으로 핵심 개념, 예시, 풀이 순서, 자주 하는 실수를 다시 맞춤",문제와 같은 코드·숫자·문자열을 그대로 반복하지 않고 같은 개념의 다른 예시 사용,1,4
JAVA,5,제1장 Java 기본 구조와 출력,Java 출력과 main 구조,전수 검토 후 학습하기 재매칭,"실제 문제 코드/지문 기준으로 핵심 개념, 예시, 풀이 순서, 자주 하는 실수를 다시 맞춤",문제와 같은 코드·숫자·문자열을 그대로 반복하지 않고 같은 개념의 다른 예시 사용,1,4
JAVA,6,제1장 Java 기본 구조와 출력,Java 출력과 main 구조,전수 검토 후 학습하기 재매칭,"실제 문제 코드/지문 기준으로 핵심 개념, 예시, 풀이 순서, 자주 하는 실수를 다시 맞춤",문제와 같은 코드·숫자·문자열을 그대로 반복하지 않고 같은 개념의 다른 예시 사용,1,4
JAVA,7,제1장 Java 기본 구조와 출력,Java 출력과 main 구조,전수 검토 후 학습하기 재매칭,"실제 문제 코드/지문 기준으로 핵심 개념, 예시, 풀이 순서, 자주 하는 실수를 다시 맞춤",문제와 같은 코드·숫자·문자열을 그대로 반복하지 않고 같은 개념의 다른 예시 사용,1,4
JAVA,8,제1장 Java 기본 구조와 출력,Java 출력과 main 구조,전수 검토 후 학습하기 재매칭,"실제 문제 코드/지문 기준으로 핵심 개념, 예시, 풀이 순서, 자주 하는 실수를 다시 맞춤",문제와 같은 코드·숫자·문자열을 그대로 반복하지 않고 같은 개념의 다른 예시 사용,1,4
JAVA,9,제1장 Java 기본 구조와 출력,Java 출력과 main 구조,전수 검토 후 학습하기 재매칭,"실제 문제 코드/지문 기준으로 핵심 개념, 예시, 풀이 순서, 자주 하는 실수를 다시 맞춤",문제와 같은 코드·숫자·문자열을 그대로 반복하지 않고 같은 개념의 다른 예시 사용,1,4
JAVA,10,제1장 Java 기본 구조와 출력,Java 출력과 main 구조,전수 검토 후 학습하기 재매칭,"실제 문제 코드/지문 기준으로 핵심 개념, 예시, 풀이 순서, 자주 하는 실수를 다시 맞춤",문제와 같은 코드·숫자·문자열을 그대로 반복하지 않고 같은 개념의 다른 예시 사용,1,4
JAVA,11,제2장 변수와 자료형,Java 변수와 자료형,전수 검토 후 학습하기 재매칭,"실제 문제 코드/지문 기준으로 핵심 개념, 예시, 풀이 순서, 자주 하는 실수를 다시 맞춤",문제와 같은 코드·숫자·문자열을 그대로 반복하지 않고 같은 개념의 다른 예시 사용,2,3
JAVA,12,제2장 변수와 자료형,Java 변수와 자료형,전수 검토 후 학습하기 재매칭,"실제 문제 코드/지문 기준으로 핵심 개념, 예시, 풀이 순서, 자주 하는 실수를 다시 맞춤",문제와 같은 코드·숫자·문자열을 그대로 반복하지 않고 같은 개념의 다른 예시 사용,2,3
JAVA,13,제2장 변수와 자료형,Java 변수와 자료형,전수 검토 후 학습하기 재매칭,"실제 문제 코드/지문 기준으로 핵심 개념, 예시, 풀이 순서, 자주 하는 실수를 다시 맞춤",문제와 같은 코드·숫자·문자열을 그대로 반복하지 않고 같은 개념의 다른 예시 사용,2,3
JAVA,14,제2장 변수와 자료형,Java 변수와 자료형,전수 검토 후 학습하기 재매칭,"실제 문제 코드/지문 기준으로 핵심 개념, 예시, 풀이 순서, 자주 하는 실수를 다시 맞춤",문제와 같은 코드·숫자·문자열을 그대로 반복하지 않고 같은 개념의 다른 예시 사용,2,3
JAVA,15,제2장 변수와 자료형,Java 변수와 자료형,전수 검토 후 학습하기 재매칭,"실제 문제 코드/지문 기준으로 핵심 개념, 예시, 풀이 순서, 자주 하는 실수를 다시 맞춤",문제와 같은 코드·숫자·문자열을 그대로 반복하지 않고 같은 개념의 다른 예시 사용,2,3
JAVA,16,제2장 변수와 자료형,Java 변수와 자료형,전수 검토 후 학습하기 재매칭,"실제 문제 코드/지문 기준으로 핵심 개념, 예시, 풀이 순서, 자주 하는 실수를 다시 맞춤",문제와 같은 코드·숫자·문자열을 그대로 반복하지 않고 같은 개념의 다른 예시 사용,2,3
JAVA,17,제2장 변수와 자료형,Java 변수와 자료형,전수 검토 후 학습하기 재매칭,"실제 문제 코드/지문 기준으로 핵심 개념, 예시, 풀이 순서, 자주 하는 실수를 다시 맞춤",문제와 같은 코드·숫자·문자열을 그대로 반복하지 않고 같은 개념의 다른 예시 사용,2,3
JAVA,18,제2장 변수와 자료형,Java 변수와 자료형,전수 검토 후 학습하기 재매칭,"실제 문제 코드/지문 기준으로 핵심 개념, 예시, 풀이 순서, 자주 하는 실수를 다시 맞춤",문제와 같은 코드·숫자·문자열을 그대로 반복하지 않고 같은 개념의 다른 예시 사용,2,3
JAVA,19,제2장 변수와 자료형,Java 변수와 자료형,전수 검토 후 학습하기 재매칭,"실제 문제 코드/지문 기준으로 핵심 개념, 예시, 풀이 순서, 자주 하는 실수를 다시 맞춤",문제와 같은 코드·숫자·문자열을 그대로 반복하지 않고 같은 개념의 다른 예시 사용,2,3
JAVA,20,제2장 변수와 자료형,Java 변수와 자료형,전수 검토 후 학습하기 재매칭,"실제 문제 코드/지문 기준으로 핵심 개념, 예시, 풀이 순서, 자주 하는 실수를 다시 맞춤",문제와 같은 코드·숫자·문자열을 그대로 반복하지 않고 같은 개념의 다른 예시 사용,2,3
JAVA,21,제3장 연산자와 증감 연산,Java 연산자와 증감,전수 검토 후 학습하기 재매칭,"실제 문제 코드/지문 기준으로 핵심 개념, 예시, 풀이 순서, 자주 하는 실수를 다시 맞춤",문제와 같은 코드·숫자·문자열을 그대로 반복하지 않고 같은 개념의 다른 예시 사용,2,3
JAVA,22,제3장 연산자와 증감 연산,Java 연산자와 증감,전수 검토 후 학습하기 재매칭,"실제 문제 코드/지문 기준으로 핵심 개념, 예시, 풀이 순서, 자주 하는 실수를 다시 맞춤",문제와 같은 코드·숫자·문자열을 그대로 반복하지 않고 같은 개념의 다른 예시 사용,2,3
JAVA,23,제3장 연산자와 증감 연산,Java 연산자와 증감,전수 검토 후 학습하기 재매칭,"실제 문제 코드/지문 기준으로 핵심 개념, 예시, 풀이 순서, 자주 하는 실수를 다시 맞춤",문제와 같은 코드·숫자·문자열을 그대로 반복하지 않고 같은 개념의 다른 예시 사용,2,3
JAVA,24,제3장 연산자와 증감 연산,Java 연산자와 증감,전수 검토 후 학습하기 재매칭,"실제 문제 코드/지문 기준으로 핵심 개념, 예시, 풀이 순서, 자주 하는 실수를 다시 맞춤",문제와 같은 코드·숫자·문자열을 그대로 반복하지 않고 같은 개념의 다른 예시 사용,2,3
JAVA,25,제3장 연산자와 증감 연산,Java 연산자와 증감,전수 검토 후 학습하기 재매칭,"실제 문제 코드/지문 기준으로 핵심 개념, 예시, 풀이 순서, 자주 하는 실수를 다시 맞춤",문제와 같은 코드·숫자·문자열을 그대로 반복하지 않고 같은 개념의 다른 예시 사용,2,3
JAVA,26,제3장 연산자와 증감 연산,Java 연산자와 증감,전수 검토 후 학습하기 재매칭,"실제 문제 코드/지문 기준으로 핵심 개념, 예시, 풀이 순서, 자주 하는 실수를 다시 맞춤",문제와 같은 코드·숫자·문자열을 그대로 반복하지 않고 같은 개념의 다른 예시 사용,2,3
JAVA,27,제3장 연산자와 증감 연산,Java 연산자와 증감,전수 검토 후 학습하기 재매칭,"실제 문제 코드/지문 기준으로 핵심 개념, 예시, 풀이 순서, 자주 하는 실수를 다시 맞춤",문제와 같은 코드·숫자·문자열을 그대로 반복하지 않고 같은 개념의 다른 예시 사용,2,3
JAVA,28,제3장 연산자와 증감 연산,Java 연산자와 증감,전수 검토 후 학습하기 재매칭,"실제 문제 코드/지문 기준으로 핵심 개념, 예시, 풀이 순서, 자주 하는 실수를 다시 맞춤",문제와 같은 코드·숫자·문자열을 그대로 반복하지 않고 같은 개념의 다른 예시 사용,2,3
JAVA,29,제3장 연산자와 증감 연산,Java 연산자와 증감,전수 검토 후 학습하기 재매칭,"실제 문제 코드/지문 기준으로 핵심 개념, 예시, 풀이 순서, 자주 하는 실수를 다시 맞춤",문제와 같은 코드·숫자·문자열을 그대로 반복하지 않고 같은 개념의 다른 예시 사용,2,3
JAVA,30,제3장 연산자와 증감 연산,Java 연산자와 증감,전수 검토 후 학습하기 재매칭,"실제 문제 코드/지문 기준으로 핵심 개념, 예시, 풀이 순서, 자주 하는 실수를 다시 맞춤",문제와 같은 코드·숫자·문자열을 그대로 반복하지 않고 같은 개념의 다른 예시 사용,2,3
JAVA,31,제4장 조건문과 삼항 연산자,Java 조건문과 삼항 연산자,전수 검토 후 학습하기 재매칭,"실제 문제 코드/지문 기준으로 핵심 개념, 예시, 풀이 순서, 자주 하는 실수를 다시 맞춤",문제와 같은 코드·숫자·문자열을 그대로 반복하지 않고 같은 개념의 다른 예시 사용,2,3
JAVA,32,제4장 조건문과 삼항 연산자,Java 조건문과 삼항 연산자,전수 검토 후 학습하기 재매칭,"실제 문제 코드/지문 기준으로 핵심 개념, 예시, 풀이 순서, 자주 하는 실수를 다시 맞춤",문제와 같은 코드·숫자·문자열을 그대로 반복하지 않고 같은 개념의 다른 예시 사용,2,3
JAVA,33,제4장 조건문과 삼항 연산자,Java 조건문과 삼항 연산자,전수 검토 후 학습하기 재매칭,"실제 문제 코드/지문 기준으로 핵심 개념, 예시, 풀이 순서, 자주 하는 실수를 다시 맞춤",문제와 같은 코드·숫자·문자열을 그대로 반복하지 않고 같은 개념의 다른 예시 사용,2,3
JAVA,34,제4장 조건문과 삼항 연산자,Java 조건문과 삼항 연산자,전수 검토 후 학습하기 재매칭,"실제 문제 코드/지문 기준으로 핵심 개념, 예시, 풀이 순서, 자주 하는 실수를 다시 맞춤",문제와 같은 코드·숫자·문자열을 그대로 반복하지 않고 같은 개념의 다른 예시 사용,2,3
JAVA,35,제4장 조건문과 삼항 연산자,Java 조건문과 삼항 연산자,전수 검토 후 학습하기 재매칭,"실제 문제 코드/지문 기준으로 핵심 개념, 예시, 풀이 순서, 자주 하는 실수를 다시 맞춤",문제와 같은 코드·숫자·문자열을 그대로 반복하지 않고 같은 개념의 다른 예시 사용,2,3
JAVA,36,제4장 조건문과 삼항 연산자,Java 조건문과 삼항 연산자,전수 검토 후 학습하기 재매칭,"실제 문제 코드/지문 기준으로 핵심 개념, 예시, 풀이 순서, 자주 하는 실수를 다시 맞춤",문제와 같은 코드·숫자·문자열을 그대로 반복하지 않고 같은 개념의 다른 예시 사용,2,3
JAVA,37,제4장 조건문과 삼항 연산자,Java 조건문과 삼항 연산자,전수 검토 후 학습하기 재매칭,"실제 문제 코드/지문 기준으로 핵심 개념, 예시, 풀이 순서, 자주 하는 실수를 다시 맞춤",문제와 같은 코드·숫자·문자열을 그대로 반복하지 않고 같은 개념의 다른 예시 사용,2,3
JAVA,38,제4장 조건문과 삼항 연산자,Java 조건문과 삼항 연산자,전수 검토 후 학습하기 재매칭,"실제 문제 코드/지문 기준으로 핵심 개념, 예시, 풀이 순서, 자주 하는 실수를 다시 맞춤",문제와 같은 코드·숫자·문자열을 그대로 반복하지 않고 같은 개념의 다른 예시 사용,2,3
JAVA,39,제4장 조건문과 삼항 연산자,Java 조건문과 삼항 연산자,전수 검토 후 학습하기 재매칭,"실제 문제 코드/지문 기준으로 핵심 개념, 예시, 풀이 순서, 자주 하는 실수를 다시 맞춤",문제와 같은 코드·숫자·문자열을 그대로 반복하지 않고 같은 개념의 다른 예시 사용,2,3
JAVA,40,제4장 조건문과 삼항 연산자,Java 조건문과 삼항 연산자,전수 검토 후 학습하기 재매칭,"실제 문제 코드/지문 기준으로 핵심 개념, 예시, 풀이 순서, 자주 하는 실수를 다시 맞춤",문제와 같은 코드·숫자·문자열을 그대로 반복하지 않고 같은 개념의 다른 예시 사용,2,3
JAVA,41,제5장 반복문,Java 반복문,전수 검토 후 학습하기 재매칭,"실제 문제 코드/지문 기준으로 핵심 개념, 예시, 풀이 순서, 자주 하는 실수를 다시 맞춤",문제와 같은 코드·숫자·문자열을 그대로 반복하지 않고 같은 개념의 다른 예시 사용,2,3
JAVA,42,제5장 반복문,Java 반복문,전수 검토 후 학습하기 재매칭,"실제 문제 코드/지문 기준으로 핵심 개념, 예시, 풀이 순서, 자주 하는 실수를 다시 맞춤",문제와 같은 코드·숫자·문자열을 그대로 반복하지 않고 같은 개념의 다른 예시 사용,2,3
JAVA,43,제5장 반복문,Java 반복문,전수 검토 후 학습하기 재매칭,"실제 문제 코드/지문 기준으로 핵심 개념, 예시, 풀이 순서, 자주 하는 실수를 다시 맞춤",문제와 같은 코드·숫자·문자열을 그대로 반복하지 않고 같은 개념의 다른 예시 사용,2,3
JAVA,44,제5장 반복문,Java 반복문,전수 검토 후 학습하기 재매칭,"실제 문제 코드/지문 기준으로 핵심 개념, 예시, 풀이 순서, 자주 하는 실수를 다시 맞춤",문제와 같은 코드·숫자·문자열을 그대로 반복하지 않고 같은 개념의 다른 예시 사용,2,3
JAVA,45,제5장 반복문,Java 반복문,전수 검토 후 학습하기 재매칭,"실제 문제 코드/지문 기준으로 핵심 개념, 예시, 풀이 순서, 자주 하는 실수를 다시 맞춤",문제와 같은 코드·숫자·문자열을 그대로 반복하지 않고 같은 개념의 다른 예시 사용,2,3
JAVA,46,제5장 반복문,Java 반복문,전수 검토 후 학습하기 재매칭,"실제 문제 코드/지문 기준으로 핵심 개념, 예시, 풀이 순서, 자주 하는 실수를 다시 맞춤",문제와 같은 코드·숫자·문자열을 그대로 반복하지 않고 같은 개념의 다른 예시 사용,2,3
JAVA,47,제5장 반복문,Java 반복문,전수 검토 후 학습하기 재매칭,"실제 문제 코드/지문 기준으로 핵심 개념, 예시, 풀이 순서, 자주 하는 실수를 다시 맞춤",문제와 같은 코드·숫자·문자열을 그대로 반복하지 않고 같은 개념의 다른 예시 사용,2,3
JAVA,48,제5장 반복문,Java 반복문,전수 검토 후 학습하기 재매칭,"실제 문제 코드/지문 기준으로 핵심 개념, 예시, 풀이 순서, 자주 하는 실수를 다시 맞춤",문제와 같은 코드·숫자·문자열을 그대로 반복하지 않고 같은 개념의 다른 예시 사용,2,3
JAVA,49,제5장 반복문,Java 반복문,전수 검토 후 학습하기 재매칭,"실제 문제 코드/지문 기준으로 핵심 개념, 예시, 풀이 순서, 자주 하는 실수를 다시 맞춤",문제와 같은 코드·숫자·문자열을 그대로 반복하지 않고 같은 개념의 다른 예시 사용,2,3
JAVA,50,제5장 반복문,Java 반복문,전수 검토 후 학습하기 재매칭,"실제 문제 코드/지문 기준으로 핵심 개념, 예시, 풀이 순서, 자주 하는 실수를 다시 맞춤",문제와 같은 코드·숫자·문자열을 그대로 반복하지 않고 같은 개념의 다른 예시 사용,2,3
JAVA,51,제6장 배열,Java 배열,전수 검토 후 학습하기 재매칭,"실제 문제 코드/지문 기준으로 핵심 개념, 예시, 풀이 순서, 자주 하는 실수를 다시 맞춤",문제와 같은 코드·숫자·문자열을 그대로 반복하지 않고 같은 개념의 다른 예시 사용,2,3
JAVA,52,제6장 배열,Java 배열,전수 검토 후 학습하기 재매칭,"실제 문제 코드/지문 기준으로 핵심 개념, 예시, 풀이 순서, 자주 하는 실수를 다시 맞춤",문제와 같은 코드·숫자·문자열을 그대로 반복하지 않고 같은 개념의 다른 예시 사용,2,3
JAVA,53,제6장 배열,Java 배열,전수 검토 후 학습하기 재매칭,"실제 문제 코드/지문 기준으로 핵심 개념, 예시, 풀이 순서, 자주 하는 실수를 다시 맞춤",문제와 같은 코드·숫자·문자열을 그대로 반복하지 않고 같은 개념의 다른 예시 사용,2,3
JAVA,54,제6장 배열,Java 배열,전수 검토 후 학습하기 재매칭,"실제 문제 코드/지문 기준으로 핵심 개념, 예시, 풀이 순서, 자주 하는 실수를 다시 맞춤",문제와 같은 코드·숫자·문자열을 그대로 반복하지 않고 같은 개념의 다른 예시 사용,2,3
JAVA,55,제6장 배열,Java 배열,전수 검토 후 학습하기 재매칭,"실제 문제 코드/지문 기준으로 핵심 개념, 예시, 풀이 순서, 자주 하는 실수를 다시 맞춤",문제와 같은 코드·숫자·문자열을 그대로 반복하지 않고 같은 개념의 다른 예시 사용,2,3
JAVA,56,제6장 배열,Java 배열,전수 검토 후 학습하기 재매칭,"실제 문제 코드/지문 기준으로 핵심 개념, 예시, 풀이 순서, 자주 하는 실수를 다시 맞춤",문제와 같은 코드·숫자·문자열을 그대로 반복하지 않고 같은 개념의 다른 예시 사용,2,3
JAVA,57,제6장 배열,Java 배열,전수 검토 후 학습하기 재매칭,"실제 문제 코드/지문 기준으로 핵심 개념, 예시, 풀이 순서, 자주 하는 실수를 다시 맞춤",문제와 같은 코드·숫자·문자열을 그대로 반복하지 않고 같은 개념의 다른 예시 사용,2,3
JAVA,58,제6장 배열,Java 배열,전수 검토 후 학습하기 재매칭,"실제 문제 코드/지문 기준으로 핵심 개념, 예시, 풀이 순서, 자주 하는 실수를 다시 맞춤",문제와 같은 코드·숫자·문자열을 그대로 반복하지 않고 같은 개념의 다른 예시 사용,2,3
JAVA,59,제6장 배열,Java 배열,전수 검토 후 학습하기 재매칭,"실제 문제 코드/지문 기준으로 핵심 개념, 예시, 풀이 순서, 자주 하는 실수를 다시 맞춤",문제와 같은 코드·숫자·문자열을 그대로 반복하지 않고 같은 개념의 다른 예시 사용,2,3
JAVA,60,제6장 배열,Java 배열,전수 검토 후 학습하기 재매칭,"실제 문제 코드/지문 기준으로 핵심 개념, 예시, 풀이 순서, 자주 하는 실수를 다시 맞춤",문제와 같은 코드·숫자·문자열을 그대로 반복하지 않고 같은 개념의 다른 예시 사용,2,3
JAVA,61,제7장 문자열 처리,Java 문자열 처리,전수 검토 후 학습하기 재매칭,"실제 문제 코드/지문 기준으로 핵심 개념, 예시, 풀이 순서, 자주 하는 실수를 다시 맞춤",문제와 같은 코드·숫자·문자열을 그대로 반복하지 않고 같은 개념의 다른 예시 사용,3,3
JAVA,62,제7장 문자열 처리,Java 문자열 처리,전수 검토 후 학습하기 재매칭,"실제 문제 코드/지문 기준으로 핵심 개념, 예시, 풀이 순서, 자주 하는 실수를 다시 맞춤",문제와 같은 코드·숫자·문자열을 그대로 반복하지 않고 같은 개념의 다른 예시 사용,3,3
JAVA,63,제7장 문자열 처리,Java 문자열 처리,전수 검토 후 학습하기 재매칭,"실제 문제 코드/지문 기준으로 핵심 개념, 예시, 풀이 순서, 자주 하는 실수를 다시 맞춤",문제와 같은 코드·숫자·문자열을 그대로 반복하지 않고 같은 개념의 다른 예시 사용,3,3
JAVA,64,제7장 문자열 처리,Java 문자열 처리,전수 검토 후 학습하기 재매칭,"실제 문제 코드/지문 기준으로 핵심 개념, 예시, 풀이 순서, 자주 하는 실수를 다시 맞춤",문제와 같은 코드·숫자·문자열을 그대로 반복하지 않고 같은 개념의 다른 예시 사용,3,3
JAVA,65,제7장 문자열 처리,Java 문자열 처리,전수 검토 후 학습하기 재매칭,"실제 문제 코드/지문 기준으로 핵심 개념, 예시, 풀이 순서, 자주 하는 실수를 다시 맞춤",문제와 같은 코드·숫자·문자열을 그대로 반복하지 않고 같은 개념의 다른 예시 사용,3,3
JAVA,66,제7장 문자열 처리,Java 문자열 처리,전수 검토 후 학습하기 재매칭,"실제 문제 코드/지문 기준으로 핵심 개념, 예시, 풀이 순서, 자주 하는 실수를 다시 맞춤",문제와 같은 코드·숫자·문자열을 그대로 반복하지 않고 같은 개념의 다른 예시 사용,3,3
JAVA,67,제7장 문자열 처리,Java 문자열 처리,전수 검토 후 학습하기 재매칭,"실제 문제 코드/지문 기준으로 핵심 개념, 예시, 풀이 순서, 자주 하는 실수를 다시 맞춤",문제와 같은 코드·숫자·문자열을 그대로 반복하지 않고 같은 개념의 다른 예시 사용,3,3
JAVA,68,제7장 문자열 처리,Java 문자열 처리,전수 검토 후 학습하기 재매칭,"실제 문제 코드/지문 기준으로 핵심 개념, 예시, 풀이 순서, 자주 하는 실수를 다시 맞춤",문제와 같은 코드·숫자·문자열을 그대로 반복하지 않고 같은 개념의 다른 예시 사용,3,3
JAVA,69,제7장 문자열 처리,Java 문자열 처리,전수 검토 후 학습하기 재매칭,"실제 문제 코드/지문 기준으로 핵심 개념, 예시, 풀이 순서, 자주 하는 실수를 다시 맞춤",문제와 같은 코드·숫자·문자열을 그대로 반복하지 않고 같은 개념의 다른 예시 사용,3,3
JAVA,70,제7장 문자열 처리,Java 문자열 처리,전수 검토 후 학습하기 재매칭,"실제 문제 코드/지문 기준으로 핵심 개념, 예시, 풀이 순서, 자주 하는 실수를 다시 맞춤",문제와 같은 코드·숫자·문자열을 그대로 반복하지 않고 같은 개념의 다른 예시 사용,3,3
JAVA,71,제8장 메서드와 반환값,Java 메서드와 반환값,전수 검토 후 학습하기 재매칭,"실제 문제 코드/지문 기준으로 핵심 개념, 예시, 풀이 순서, 자주 하는 실수를 다시 맞춤",문제와 같은 코드·숫자·문자열을 그대로 반복하지 않고 같은 개념의 다른 예시 사용,2,3
JAVA,72,제8장 메서드와 반환값,Java 메서드와 반환값,전수 검토 후 학습하기 재매칭,"실제 문제 코드/지문 기준으로 핵심 개념, 예시, 풀이 순서, 자주 하는 실수를 다시 맞춤",문제와 같은 코드·숫자·문자열을 그대로 반복하지 않고 같은 개념의 다른 예시 사용,2,3
JAVA,73,제8장 메서드와 반환값,Java 메서드와 반환값,전수 검토 후 학습하기 재매칭,"실제 문제 코드/지문 기준으로 핵심 개념, 예시, 풀이 순서, 자주 하는 실수를 다시 맞춤",문제와 같은 코드·숫자·문자열을 그대로 반복하지 않고 같은 개념의 다른 예시 사용,2,3
JAVA,74,제8장 메서드와 반환값,Java 메서드와 반환값,전수 검토 후 학습하기 재매칭,"실제 문제 코드/지문 기준으로 핵심 개념, 예시, 풀이 순서, 자주 하는 실수를 다시 맞춤",문제와 같은 코드·숫자·문자열을 그대로 반복하지 않고 같은 개념의 다른 예시 사용,2,3
JAVA,75,제8장 메서드와 반환값,Java 메서드와 반환값,전수 검토 후 학습하기 재매칭,"실제 문제 코드/지문 기준으로 핵심 개념, 예시, 풀이 순서, 자주 하는 실수를 다시 맞춤",문제와 같은 코드·숫자·문자열을 그대로 반복하지 않고 같은 개념의 다른 예시 사용,2,3
JAVA,76,제8장 메서드와 반환값,Java 메서드와 반환값,전수 검토 후 학습하기 재매칭,"실제 문제 코드/지문 기준으로 핵심 개념, 예시, 풀이 순서, 자주 하는 실수를 다시 맞춤",문제와 같은 코드·숫자·문자열을 그대로 반복하지 않고 같은 개념의 다른 예시 사용,2,3
JAVA,77,제8장 메서드와 반환값,Java 메서드와 반환값,전수 검토 후 학습하기 재매칭,"실제 문제 코드/지문 기준으로 핵심 개념, 예시, 풀이 순서, 자주 하는 실수를 다시 맞춤",문제와 같은 코드·숫자·문자열을 그대로 반복하지 않고 같은 개념의 다른 예시 사용,2,3
JAVA,78,제8장 메서드와 반환값,Java 메서드와 반환값,전수 검토 후 학습하기 재매칭,"실제 문제 코드/지문 기준으로 핵심 개념, 예시, 풀이 순서, 자주 하는 실수를 다시 맞춤",문제와 같은 코드·숫자·문자열을 그대로 반복하지 않고 같은 개념의 다른 예시 사용,2,3
JAVA,79,제8장 메서드와 반환값,Java 메서드와 반환값,전수 검토 후 학습하기 재매칭,"실제 문제 코드/지문 기준으로 핵심 개념, 예시, 풀이 순서, 자주 하는 실수를 다시 맞춤",문제와 같은 코드·숫자·문자열을 그대로 반복하지 않고 같은 개념의 다른 예시 사용,2,3
JAVA,80,제8장 메서드와 반환값,Java 메서드와 반환값,전수 검토 후 학습하기 재매칭,"실제 문제 코드/지문 기준으로 핵심 개념, 예시, 풀이 순서, 자주 하는 실수를 다시 맞춤",문제와 같은 코드·숫자·문자열을 그대로 반복하지 않고 같은 개념의 다른 예시 사용,2,3
JAVA,81,제9장 클래스와 객체,Java 클래스와 객체,전수 검토 후 학습하기 재매칭,"실제 문제 코드/지문 기준으로 핵심 개념, 예시, 풀이 순서, 자주 하는 실수를 다시 맞춤",문제와 같은 코드·숫자·문자열을 그대로 반복하지 않고 같은 개념의 다른 예시 사용,2,3
JAVA,82,제9장 클래스와 객체,Java 클래스와 객체,전수 검토 후 학습하기 재매칭,"실제 문제 코드/지문 기준으로 핵심 개념, 예시, 풀이 순서, 자주 하는 실수를 다시 맞춤",문제와 같은 코드·숫자·문자열을 그대로 반복하지 않고 같은 개념의 다른 예시 사용,2,3
JAVA,83,제9장 클래스와 객체,Java 클래스와 객체,전수 검토 후 학습하기 재매칭,"실제 문제 코드/지문 기준으로 핵심 개념, 예시, 풀이 순서, 자주 하는 실수를 다시 맞춤",문제와 같은 코드·숫자·문자열을 그대로 반복하지 않고 같은 개념의 다른 예시 사용,2,3
JAVA,84,제9장 클래스와 객체,Java 클래스와 객체,전수 검토 후 학습하기 재매칭,"실제 문제 코드/지문 기준으로 핵심 개념, 예시, 풀이 순서, 자주 하는 실수를 다시 맞춤",문제와 같은 코드·숫자·문자열을 그대로 반복하지 않고 같은 개념의 다른 예시 사용,2,3
JAVA,85,제9장 클래스와 객체,Java 클래스와 객체,전수 검토 후 학습하기 재매칭,"실제 문제 코드/지문 기준으로 핵심 개념, 예시, 풀이 순서, 자주 하는 실수를 다시 맞춤",문제와 같은 코드·숫자·문자열을 그대로 반복하지 않고 같은 개념의 다른 예시 사용,2,3
JAVA,86,제9장 클래스와 객체,Java 클래스와 객체,전수 검토 후 학습하기 재매칭,"실제 문제 코드/지문 기준으로 핵심 개념, 예시, 풀이 순서, 자주 하는 실수를 다시 맞춤",문제와 같은 코드·숫자·문자열을 그대로 반복하지 않고 같은 개념의 다른 예시 사용,2,3
JAVA,87,제9장 클래스와 객체,Java 클래스와 객체,전수 검토 후 학습하기 재매칭,"실제 문제 코드/지문 기준으로 핵심 개념, 예시, 풀이 순서, 자주 하는 실수를 다시 맞춤",문제와 같은 코드·숫자·문자열을 그대로 반복하지 않고 같은 개념의 다른 예시 사용,2,3
JAVA,88,제9장 클래스와 객체,Java 클래스와 객체,전수 검토 후 학습하기 재매칭,"실제 문제 코드/지문 기준으로 핵심 개념, 예시, 풀이 순서, 자주 하는 실수를 다시 맞춤",문제와 같은 코드·숫자·문자열을 그대로 반복하지 않고 같은 개념의 다른 예시 사용,2,3
JAVA,89,제9장 클래스와 객체,Java 클래스와 객체,전수 검토 후 학습하기 재매칭,"실제 문제 코드/지문 기준으로 핵심 개념, 예시, 풀이 순서, 자주 하는 실수를 다시 맞춤",문제와 같은 코드·숫자·문자열을 그대로 반복하지 않고 같은 개념의 다른 예시 사용,2,3
JAVA,90,제9장 클래스와 객체,Java 클래스와 객체,전수 검토 후 학습하기 재매칭,"실제 문제 코드/지문 기준으로 핵심 개념, 예시, 풀이 순서, 자주 하는 실수를 다시 맞춤",문제와 같은 코드·숫자·문자열을 그대로 반복하지 않고 같은 개념의 다른 예시 사용,2,3
JAVA,91,제10장 생성자,Java 생성자와 this,전수 검토 후 학습하기 재매칭,"실제 문제 코드/지문 기준으로 핵심 개념, 예시, 풀이 순서, 자주 하는 실수를 다시 맞춤",문제와 같은 코드·숫자·문자열을 그대로 반복하지 않고 같은 개념의 다른 예시 사용,1,3
JAVA,92,제10장 생성자,Java 생성자와 this,전수 검토 후 학습하기 재매칭,"실제 문제 코드/지문 기준으로 핵심 개념, 예시, 풀이 순서, 자주 하는 실수를 다시 맞춤",문제와 같은 코드·숫자·문자열을 그대로 반복하지 않고 같은 개념의 다른 예시 사용,1,3
JAVA,93,제10장 생성자,Java 생성자와 this,전수 검토 후 학습하기 재매칭,"실제 문제 코드/지문 기준으로 핵심 개념, 예시, 풀이 순서, 자주 하는 실수를 다시 맞춤",문제와 같은 코드·숫자·문자열을 그대로 반복하지 않고 같은 개념의 다른 예시 사용,1,3
JAVA,94,제10장 생성자,Java 생성자와 this,전수 검토 후 학습하기 재매칭,"실제 문제 코드/지문 기준으로 핵심 개념, 예시, 풀이 순서, 자주 하는 실수를 다시 맞춤",문제와 같은 코드·숫자·문자열을 그대로 반복하지 않고 같은 개념의 다른 예시 사용,1,3
JAVA,95,제10장 생성자,Java 생성자와 this,전수 검토 후 학습하기 재매칭,"실제 문제 코드/지문 기준으로 핵심 개념, 예시, 풀이 순서, 자주 하는 실수를 다시 맞춤",문제와 같은 코드·숫자·문자열을 그대로 반복하지 않고 같은 개념의 다른 예시 사용,1,3
JAVA,96,제10장 생성자,Java 생성자와 this,전수 검토 후 학습하기 재매칭,"실제 문제 코드/지문 기준으로 핵심 개념, 예시, 풀이 순서, 자주 하는 실수를 다시 맞춤",문제와 같은 코드·숫자·문자열을 그대로 반복하지 않고 같은 개념의 다른 예시 사용,1,3
JAVA,97,제10장 생성자,Java 생성자와 this,전수 검토 후 학습하기 재매칭,"실제 문제 코드/지문 기준으로 핵심 개념, 예시, 풀이 순서, 자주 하는 실수를 다시 맞춤",문제와 같은 코드·숫자·문자열을 그대로 반복하지 않고 같은 개념의 다른 예시 사용,1,3
JAVA,98,제10장 생성자,Java 생성자와 this,전수 검토 후 학습하기 재매칭,"실제 문제 코드/지문 기준으로 핵심 개념, 예시, 풀이 순서, 자주 하는 실수를 다시 맞춤",문제와 같은 코드·숫자·문자열을 그대로 반복하지 않고 같은 개념의 다른 예시 사용,1,3
JAVA,99,제10장 생성자,Java 생성자와 this,전수 검토 후 학습하기 재매칭,"실제 문제 코드/지문 기준으로 핵심 개념, 예시, 풀이 순서, 자주 하는 실수를 다시 맞춤",문제와 같은 코드·숫자·문자열을 그대로 반복하지 않고 같은 개념의 다른 예시 사용,1,3
JAVA,100,제10장 생성자,Java 생성자와 this,전수 검토 후 학습하기 재매칭,"실제 문제 코드/지문 기준으로 핵심 개념, 예시, 풀이 순서, 자주 하는 실수를 다시 맞춤",문제와 같은 코드·숫자·문자열을 그대로 반복하지 않고 같은 개념의 다른 예시 사용,1,3
JAVA,101,제11장 상속과 super,Java 상속과 super,전수 검토 후 학습하기 재매칭,"실제 문제 코드/지문 기준으로 핵심 개념, 예시, 풀이 순서, 자주 하는 실수를 다시 맞춤",문제와 같은 코드·숫자·문자열을 그대로 반복하지 않고 같은 개념의 다른 예시 사용,1,3
JAVA,102,제11장 상속과 super,Java 상속과 super,전수 검토 후 학습하기 재매칭,"실제 문제 코드/지문 기준으로 핵심 개념, 예시, 풀이 순서, 자주 하는 실수를 다시 맞춤",문제와 같은 코드·숫자·문자열을 그대로 반복하지 않고 같은 개념의 다른 예시 사용,1,3
JAVA,103,제11장 상속과 super,Java 상속과 super,전수 검토 후 학습하기 재매칭,"실제 문제 코드/지문 기준으로 핵심 개념, 예시, 풀이 순서, 자주 하는 실수를 다시 맞춤",문제와 같은 코드·숫자·문자열을 그대로 반복하지 않고 같은 개념의 다른 예시 사용,1,3
JAVA,104,제11장 상속과 super,Java 상속과 super,전수 검토 후 학습하기 재매칭,"실제 문제 코드/지문 기준으로 핵심 개념, 예시, 풀이 순서, 자주 하는 실수를 다시 맞춤",문제와 같은 코드·숫자·문자열을 그대로 반복하지 않고 같은 개념의 다른 예시 사용,1,3
JAVA,105,제11장 상속과 super,Java 상속과 super,전수 검토 후 학습하기 재매칭,"실제 문제 코드/지문 기준으로 핵심 개념, 예시, 풀이 순서, 자주 하는 실수를 다시 맞춤",문제와 같은 코드·숫자·문자열을 그대로 반복하지 않고 같은 개념의 다른 예시 사용,1,3
JAVA,106,제11장 상속과 super,Java 상속과 super,전수 검토 후 학습하기 재매칭,"실제 문제 코드/지문 기준으로 핵심 개념, 예시, 풀이 순서, 자주 하는 실수를 다시 맞춤",문제와 같은 코드·숫자·문자열을 그대로 반복하지 않고 같은 개념의 다른 예시 사용,1,3
JAVA,107,제11장 상속과 super,Java 상속과 super,전수 검토 후 학습하기 재매칭,"실제 문제 코드/지문 기준으로 핵심 개념, 예시, 풀이 순서, 자주 하는 실수를 다시 맞춤",문제와 같은 코드·숫자·문자열을 그대로 반복하지 않고 같은 개념의 다른 예시 사용,1,3
JAVA,108,제11장 상속과 super,Java 상속과 super,전수 검토 후 학습하기 재매칭,"실제 문제 코드/지문 기준으로 핵심 개념, 예시, 풀이 순서, 자주 하는 실수를 다시 맞춤",문제와 같은 코드·숫자·문자열을 그대로 반복하지 않고 같은 개념의 다른 예시 사용,1,3
JAVA,109,제11장 상속과 super,Java 상속과 super,전수 검토 후 학습하기 재매칭,"실제 문제 코드/지문 기준으로 핵심 개념, 예시, 풀이 순서, 자주 하는 실수를 다시 맞춤",문제와 같은 코드·숫자·문자열을 그대로 반복하지 않고 같은 개념의 다른 예시 사용,1,3
JAVA,110,제11장 상속과 super,Java 상속과 super,전수 검토 후 학습하기 재매칭,"실제 문제 코드/지문 기준으로 핵심 개념, 예시, 풀이 순서, 자주 하는 실수를 다시 맞춤",문제와 같은 코드·숫자·문자열을 그대로 반복하지 않고 같은 개념의 다른 예시 사용,1,3
JAVA,111,제12장 오버로딩과 오버라이딩,Java 오버로딩과 오버라이딩,전수 검토 후 학습하기 재매칭,"실제 문제 코드/지문 기준으로 핵심 개념, 예시, 풀이 순서, 자주 하는 실수를 다시 맞춤",문제와 같은 코드·숫자·문자열을 그대로 반복하지 않고 같은 개념의 다른 예시 사용,2,3
JAVA,112,제12장 오버로딩과 오버라이딩,Java 오버로딩과 오버라이딩,전수 검토 후 학습하기 재매칭,"실제 문제 코드/지문 기준으로 핵심 개념, 예시, 풀이 순서, 자주 하는 실수를 다시 맞춤",문제와 같은 코드·숫자·문자열을 그대로 반복하지 않고 같은 개념의 다른 예시 사용,2,3
JAVA,113,제12장 오버로딩과 오버라이딩,Java 오버로딩과 오버라이딩,전수 검토 후 학습하기 재매칭,"실제 문제 코드/지문 기준으로 핵심 개념, 예시, 풀이 순서, 자주 하는 실수를 다시 맞춤",문제와 같은 코드·숫자·문자열을 그대로 반복하지 않고 같은 개념의 다른 예시 사용,2,3
JAVA,114,제12장 오버로딩과 오버라이딩,Java 오버로딩과 오버라이딩,전수 검토 후 학습하기 재매칭,"실제 문제 코드/지문 기준으로 핵심 개념, 예시, 풀이 순서, 자주 하는 실수를 다시 맞춤",문제와 같은 코드·숫자·문자열을 그대로 반복하지 않고 같은 개념의 다른 예시 사용,2,3
JAVA,115,제12장 오버로딩과 오버라이딩,Java 오버로딩과 오버라이딩,전수 검토 후 학습하기 재매칭,"실제 문제 코드/지문 기준으로 핵심 개념, 예시, 풀이 순서, 자주 하는 실수를 다시 맞춤",문제와 같은 코드·숫자·문자열을 그대로 반복하지 않고 같은 개념의 다른 예시 사용,2,3
JAVA,116,제12장 오버로딩과 오버라이딩,Java 오버로딩과 오버라이딩,전수 검토 후 학습하기 재매칭,"실제 문제 코드/지문 기준으로 핵심 개념, 예시, 풀이 순서, 자주 하는 실수를 다시 맞춤",문제와 같은 코드·숫자·문자열을 그대로 반복하지 않고 같은 개념의 다른 예시 사용,2,3
JAVA,117,제12장 오버로딩과 오버라이딩,Java 오버로딩과 오버라이딩,전수 검토 후 학습하기 재매칭,"실제 문제 코드/지문 기준으로 핵심 개념, 예시, 풀이 순서, 자주 하는 실수를 다시 맞춤",문제와 같은 코드·숫자·문자열을 그대로 반복하지 않고 같은 개념의 다른 예시 사용,2,3
JAVA,118,제12장 오버로딩과 오버라이딩,Java 오버로딩과 오버라이딩,전수 검토 후 학습하기 재매칭,"실제 문제 코드/지문 기준으로 핵심 개념, 예시, 풀이 순서, 자주 하는 실수를 다시 맞춤",문제와 같은 코드·숫자·문자열을 그대로 반복하지 않고 같은 개념의 다른 예시 사용,2,3
JAVA,119,제12장 오버로딩과 오버라이딩,Java 오버로딩과 오버라이딩,전수 검토 후 학습하기 재매칭,"실제 문제 코드/지문 기준으로 핵심 개념, 예시, 풀이 순서, 자주 하는 실수를 다시 맞춤",문제와 같은 코드·숫자·문자열을 그대로 반복하지 않고 같은 개념의 다른 예시 사용,2,3
JAVA,120,제12장 오버로딩과 오버라이딩,Java 오버로딩과 오버라이딩,전수 검토 후 학습하기 재매칭,"실제 문제 코드/지문 기준으로 핵심 개념, 예시, 풀이 순서, 자주 하는 실수를 다시 맞춤",문제와 같은 코드·숫자·문자열을 그대로 반복하지 않고 같은 개념의 다른 예시 사용,2,3
JAVA,121,제13장 인터페이스와 다형성,Java 인터페이스와 다형성,전수 검토 후 학습하기 재매칭,"실제 문제 코드/지문 기준으로 핵심 개념, 예시, 풀이 순서, 자주 하는 실수를 다시 맞춤",문제와 같은 코드·숫자·문자열을 그대로 반복하지 않고 같은 개념의 다른 예시 사용,1,3
JAVA,122,제13장 인터페이스와 다형성,Java 인터페이스와 다형성,전수 검토 후 학습하기 재매칭,"실제 문제 코드/지문 기준으로 핵심 개념, 예시, 풀이 순서, 자주 하는 실수를 다시 맞춤",문제와 같은 코드·숫자·문자열을 그대로 반복하지 않고 같은 개념의 다른 예시 사용,1,3
JAVA,123,제13장 인터페이스와 다형성,Java 인터페이스와 다형성,전수 검토 후 학습하기 재매칭,"실제 문제 코드/지문 기준으로 핵심 개념, 예시, 풀이 순서, 자주 하는 실수를 다시 맞춤",문제와 같은 코드·숫자·문자열을 그대로 반복하지 않고 같은 개념의 다른 예시 사용,1,3
JAVA,124,제13장 인터페이스와 다형성,Java 인터페이스와 다형성,전수 검토 후 학습하기 재매칭,"실제 문제 코드/지문 기준으로 핵심 개념, 예시, 풀이 순서, 자주 하는 실수를 다시 맞춤",문제와 같은 코드·숫자·문자열을 그대로 반복하지 않고 같은 개념의 다른 예시 사용,1,3
JAVA,125,제13장 인터페이스와 다형성,Java 인터페이스와 다형성,전수 검토 후 학습하기 재매칭,"실제 문제 코드/지문 기준으로 핵심 개념, 예시, 풀이 순서, 자주 하는 실수를 다시 맞춤",문제와 같은 코드·숫자·문자열을 그대로 반복하지 않고 같은 개념의 다른 예시 사용,1,3
JAVA,126,제13장 인터페이스와 다형성,Java 인터페이스와 다형성,전수 검토 후 학습하기 재매칭,"실제 문제 코드/지문 기준으로 핵심 개념, 예시, 풀이 순서, 자주 하는 실수를 다시 맞춤",문제와 같은 코드·숫자·문자열을 그대로 반복하지 않고 같은 개념의 다른 예시 사용,1,3
JAVA,127,제13장 인터페이스와 다형성,Java 인터페이스와 다형성,전수 검토 후 학습하기 재매칭,"실제 문제 코드/지문 기준으로 핵심 개념, 예시, 풀이 순서, 자주 하는 실수를 다시 맞춤",문제와 같은 코드·숫자·문자열을 그대로 반복하지 않고 같은 개념의 다른 예시 사용,1,3
JAVA,128,제13장 인터페이스와 다형성,Java 인터페이스와 다형성,전수 검토 후 학습하기 재매칭,"실제 문제 코드/지문 기준으로 핵심 개념, 예시, 풀이 순서, 자주 하는 실수를 다시 맞춤",문제와 같은 코드·숫자·문자열을 그대로 반복하지 않고 같은 개념의 다른 예시 사용,1,3
JAVA,129,제13장 인터페이스와 다형성,Java 인터페이스와 다형성,전수 검토 후 학습하기 재매칭,"실제 문제 코드/지문 기준으로 핵심 개념, 예시, 풀이 순서, 자주 하는 실수를 다시 맞춤",문제와 같은 코드·숫자·문자열을 그대로 반복하지 않고 같은 개념의 다른 예시 사용,1,3
JAVA,130,제13장 인터페이스와 다형성,Java 인터페이스와 다형성,전수 검토 후 학습하기 재매칭,"실제 문제 코드/지문 기준으로 핵심 개념, 예시, 풀이 순서, 자주 하는 실수를 다시 맞춤",문제와 같은 코드·숫자·문자열을 그대로 반복하지 않고 같은 개념의 다른 예시 사용,1,3
JAVA,131,제14장 오류 찾기와 코드 수정,Java 오류 찾기와 실전 흐름,전수 검토 후 학습하기 재매칭,"실제 문제 코드/지문 기준으로 핵심 개념, 예시, 풀이 순서, 자주 하는 실수를 다시 맞춤",문제와 같은 코드·숫자·문자열을 그대로 반복하지 않고 같은 개념의 다른 예시 사용,2,3
JAVA,132,제14장 오류 찾기와 코드 수정,Java 오류 찾기와 실전 흐름,전수 검토 후 학습하기 재매칭,"실제 문제 코드/지문 기준으로 핵심 개념, 예시, 풀이 순서, 자주 하는 실수를 다시 맞춤",문제와 같은 코드·숫자·문자열을 그대로 반복하지 않고 같은 개념의 다른 예시 사용,2,3
JAVA,133,제14장 오류 찾기와 코드 수정,Java 오류 찾기와 실전 흐름,전수 검토 후 학습하기 재매칭,"실제 문제 코드/지문 기준으로 핵심 개념, 예시, 풀이 순서, 자주 하는 실수를 다시 맞춤",문제와 같은 코드·숫자·문자열을 그대로 반복하지 않고 같은 개념의 다른 예시 사용,2,3
JAVA,134,제14장 오류 찾기와 코드 수정,Java 오류 찾기와 실전 흐름,전수 검토 후 학습하기 재매칭,"실제 문제 코드/지문 기준으로 핵심 개념, 예시, 풀이 순서, 자주 하는 실수를 다시 맞춤",문제와 같은 코드·숫자·문자열을 그대로 반복하지 않고 같은 개념의 다른 예시 사용,2,3
JAVA,135,제14장 오류 찾기와 코드 수정,Java 오류 찾기와 실전 흐름,전수 검토 후 학습하기 재매칭,"실제 문제 코드/지문 기준으로 핵심 개념, 예시, 풀이 순서, 자주 하는 실수를 다시 맞춤",문제와 같은 코드·숫자·문자열을 그대로 반복하지 않고 같은 개념의 다른 예시 사용,2,3
JAVA,136,제14장 오류 찾기와 코드 수정,Java 오류 찾기와 실전 흐름,전수 검토 후 학습하기 재매칭,"실제 문제 코드/지문 기준으로 핵심 개념, 예시, 풀이 순서, 자주 하는 실수를 다시 맞춤",문제와 같은 코드·숫자·문자열을 그대로 반복하지 않고 같은 개념의 다른 예시 사용,2,3
JAVA,137,제14장 오류 찾기와 코드 수정,Java 오류 찾기와 실전 흐름,전수 검토 후 학습하기 재매칭,"실제 문제 코드/지문 기준으로 핵심 개념, 예시, 풀이 순서, 자주 하는 실수를 다시 맞춤",문제와 같은 코드·숫자·문자열을 그대로 반복하지 않고 같은 개념의 다른 예시 사용,2,3
JAVA,138,제14장 오류 찾기와 코드 수정,Java 오류 찾기와 실전 흐름,전수 검토 후 학습하기 재매칭,"실제 문제 코드/지문 기준으로 핵심 개념, 예시, 풀이 순서, 자주 하는 실수를 다시 맞춤",문제와 같은 코드·숫자·문자열을 그대로 반복하지 않고 같은 개념의 다른 예시 사용,2,3
JAVA,139,제14장 오류 찾기와 코드 수정,Java 오류 찾기와 실전 흐름,전수 검토 후 학습하기 재매칭,"실제 문제 코드/지문 기준으로 핵심 개념, 예시, 풀이 순서, 자주 하는 실수를 다시 맞춤",문제와 같은 코드·숫자·문자열을 그대로 반복하지 않고 같은 개념의 다른 예시 사용,2,3
JAVA,140,제14장 오류 찾기와 코드 수정,Java 오류 찾기와 실전 흐름,전수 검토 후 학습하기 재매칭,"실제 문제 코드/지문 기준으로 핵심 개념, 예시, 풀이 순서, 자주 하는 실수를 다시 맞춤",문제와 같은 코드·숫자·문자열을 그대로 반복하지 않고 같은 개념의 다른 예시 사용,2,3
JAVA,141,제15장 실전 코드 실행 결과,Java 오류 찾기와 실전 흐름,전수 검토 후 학습하기 재매칭,"실제 문제 코드/지문 기준으로 핵심 개념, 예시, 풀이 순서, 자주 하는 실수를 다시 맞춤",문제와 같은 코드·숫자·문자열을 그대로 반복하지 않고 같은 개념의 다른 예시 사용,2,3
JAVA,142,제15장 실전 코드 실행 결과,Java 오류 찾기와 실전 흐름,전수 검토 후 학습하기 재매칭,"실제 문제 코드/지문 기준으로 핵심 개념, 예시, 풀이 순서, 자주 하는 실수를 다시 맞춤",문제와 같은 코드·숫자·문자열을 그대로 반복하지 않고 같은 개념의 다른 예시 사용,2,3
JAVA,143,제15장 실전 코드 실행 결과,Java 오류 찾기와 실전 흐름,전수 검토 후 학습하기 재매칭,"실제 문제 코드/지문 기준으로 핵심 개념, 예시, 풀이 순서, 자주 하는 실수를 다시 맞춤",문제와 같은 코드·숫자·문자열을 그대로 반복하지 않고 같은 개념의 다른 예시 사용,2,3
JAVA,144,제15장 실전 코드 실행 결과,Java 오류 찾기와 실전 흐름,전수 검토 후 학습하기 재매칭,"실제 문제 코드/지문 기준으로 핵심 개념, 예시, 풀이 순서, 자주 하는 실수를 다시 맞춤",문제와 같은 코드·숫자·문자열을 그대로 반복하지 않고 같은 개념의 다른 예시 사용,2,3
JAVA,145,제15장 실전 코드 실행 결과,Java 오류 찾기와 실전 흐름,전수 검토 후 학습하기 재매칭,"실제 문제 코드/지문 기준으로 핵심 개념, 예시, 풀이 순서, 자주 하는 실수를 다시 맞춤",문제와 같은 코드·숫자·문자열을 그대로 반복하지 않고 같은 개념의 다른 예시 사용,2,3
JAVA,146,제15장 실전 코드 실행 결과,Java 오류 찾기와 실전 흐름,전수 검토 후 학습하기 재매칭,"실제 문제 코드/지문 기준으로 핵심 개념, 예시, 풀이 순서, 자주 하는 실수를 다시 맞춤",문제와 같은 코드·숫자·문자열을 그대로 반복하지 않고 같은 개념의 다른 예시 사용,2,3
JAVA,147,제15장 실전 코드 실행 결과,Java 오류 찾기와 실전 흐름,전수 검토 후 학습하기 재매칭,"실제 문제 코드/지문 기준으로 핵심 개념, 예시, 풀이 순서, 자주 하는 실수를 다시 맞춤",문제와 같은 코드·숫자·문자열을 그대로 반복하지 않고 같은 개념의 다른 예시 사용,2,3
JAVA,148,제15장 실전 코드 실행 결과,Java 오류 찾기와 실전 흐름,전수 검토 후 학습하기 재매칭,"실제 문제 코드/지문 기준으로 핵심 개념, 예시, 풀이 순서, 자주 하는 실수를 다시 맞춤",문제와 같은 코드·숫자·문자열을 그대로 반복하지 않고 같은 개념의 다른 예시 사용,2,3
JAVA,149,제15장 실전 코드 실행 결과,Java 오류 찾기와 실전 흐름,전수 검토 후 학습하기 재매칭,"실제 문제 코드/지문 기준으로 핵심 개념, 예시, 풀이 순서, 자주 하는 실수를 다시 맞춤",문제와 같은 코드·숫자·문자열을 그대로 반복하지 않고 같은 개념의 다른 예시 사용,2,3
JAVA,150,제15장 실전 코드 실행 결과,Java 오류 찾기와 실전 흐름,전수 검토 후 학습하기 재매칭,"실제 문제 코드/지문 기준으로 핵심 개념, 예시, 풀이 순서, 자주 하는 실수를 다시 맞춤",문제와 같은 코드·숫자·문자열을 그대로 반복하지 않고 같은 개념의 다른 예시 사용,2,3
LINUX,1,제1장 Linux 기본 개념과 터미널 명령어,기본 명령어,전수 검토 후 학습하기 재매칭,"실제 문제 코드/지문 기준으로 핵심 개념, 예시, 풀이 순서, 자주 하는 실수를 다시 맞춤",문제와 같은 코드·숫자·문자열을 그대로 반복하지 않고 같은 개념의 다른 예시 사용,2,3
LINUX,2,제1장 Linux 기본 개념과 터미널 명령어,기본 명령어,전수 검토 후 학습하기 재매칭,"실제 문제 코드/지문 기준으로 핵심 개념, 예시, 풀이 순서, 자주 하는 실수를 다시 맞춤",문제와 같은 코드·숫자·문자열을 그대로 반복하지 않고 같은 개념의 다른 예시 사용,2,3
LINUX,3,제1장 Linux 기본 개념과 터미널 명령어,기본 명령어,전수 검토 후 학습하기 재매칭,"실제 문제 코드/지문 기준으로 핵심 개념, 예시, 풀이 순서, 자주 하는 실수를 다시 맞춤",문제와 같은 코드·숫자·문자열을 그대로 반복하지 않고 같은 개념의 다른 예시 사용,2,3
LINUX,4,제1장 Linux 기본 개념과 터미널 명령어,기본 명령어,전수 검토 후 학습하기 재매칭,"실제 문제 코드/지문 기준으로 핵심 개념, 예시, 풀이 순서, 자주 하는 실수를 다시 맞춤",문제와 같은 코드·숫자·문자열을 그대로 반복하지 않고 같은 개념의 다른 예시 사용,2,3
LINUX,5,제1장 Linux 기본 개념과 터미널 명령어,기본 명령어,전수 검토 후 학습하기 재매칭,"실제 문제 코드/지문 기준으로 핵심 개념, 예시, 풀이 순서, 자주 하는 실수를 다시 맞춤",문제와 같은 코드·숫자·문자열을 그대로 반복하지 않고 같은 개념의 다른 예시 사용,2,3
LINUX,6,제1장 Linux 기본 개념과 터미널 명령어,기본 명령어,전수 검토 후 학습하기 재매칭,"실제 문제 코드/지문 기준으로 핵심 개념, 예시, 풀이 순서, 자주 하는 실수를 다시 맞춤",문제와 같은 코드·숫자·문자열을 그대로 반복하지 않고 같은 개념의 다른 예시 사용,2,3
LINUX,7,제1장 Linux 기본 개념과 터미널 명령어,경로 기호,전수 검토 후 학습하기 재매칭,"실제 문제 코드/지문 기준으로 핵심 개념, 예시, 풀이 순서, 자주 하는 실수를 다시 맞춤",문제와 같은 코드·숫자·문자열을 그대로 반복하지 않고 같은 개념의 다른 예시 사용,3,3
LINUX,8,제1장 Linux 기본 개념과 터미널 명령어,경로 기호,전수 검토 후 학습하기 재매칭,"실제 문제 코드/지문 기준으로 핵심 개념, 예시, 풀이 순서, 자주 하는 실수를 다시 맞춤",문제와 같은 코드·숫자·문자열을 그대로 반복하지 않고 같은 개념의 다른 예시 사용,3,3
LINUX,9,제1장 Linux 기본 개념과 터미널 명령어,경로 기호,전수 검토 후 학습하기 재매칭,"실제 문제 코드/지문 기준으로 핵심 개념, 예시, 풀이 순서, 자주 하는 실수를 다시 맞춤",문제와 같은 코드·숫자·문자열을 그대로 반복하지 않고 같은 개념의 다른 예시 사용,3,3
LINUX,10,제1장 Linux 기본 개념과 터미널 명령어,기본 명령어,전수 검토 후 학습하기 재매칭,"실제 문제 코드/지문 기준으로 핵심 개념, 예시, 풀이 순서, 자주 하는 실수를 다시 맞춤",문제와 같은 코드·숫자·문자열을 그대로 반복하지 않고 같은 개념의 다른 예시 사용,2,3
LINUX,11,제2장 디렉터리 이동과 경로 확인,파일·디렉터리 조작,전수 검토 후 학습하기 재매칭,"실제 문제 코드/지문 기준으로 핵심 개념, 예시, 풀이 순서, 자주 하는 실수를 다시 맞춤",문제와 같은 코드·숫자·문자열을 그대로 반복하지 않고 같은 개념의 다른 예시 사용,3,3
LINUX,12,제2장 디렉터리 이동과 경로 확인,파일·디렉터리 조작,전수 검토 후 학습하기 재매칭,"실제 문제 코드/지문 기준으로 핵심 개념, 예시, 풀이 순서, 자주 하는 실수를 다시 맞춤",문제와 같은 코드·숫자·문자열을 그대로 반복하지 않고 같은 개념의 다른 예시 사용,3,3
LINUX,13,제2장 디렉터리 이동과 경로 확인,경로 기호,전수 검토 후 학습하기 재매칭,"실제 문제 코드/지문 기준으로 핵심 개념, 예시, 풀이 순서, 자주 하는 실수를 다시 맞춤",문제와 같은 코드·숫자·문자열을 그대로 반복하지 않고 같은 개념의 다른 예시 사용,3,3
LINUX,14,제2장 디렉터리 이동과 경로 확인,경로 기호,전수 검토 후 학습하기 재매칭,"실제 문제 코드/지문 기준으로 핵심 개념, 예시, 풀이 순서, 자주 하는 실수를 다시 맞춤",문제와 같은 코드·숫자·문자열을 그대로 반복하지 않고 같은 개념의 다른 예시 사용,3,3
LINUX,15,제2장 디렉터리 이동과 경로 확인,경로 기호,전수 검토 후 학습하기 재매칭,"실제 문제 코드/지문 기준으로 핵심 개념, 예시, 풀이 순서, 자주 하는 실수를 다시 맞춤",문제와 같은 코드·숫자·문자열을 그대로 반복하지 않고 같은 개념의 다른 예시 사용,3,3
LINUX,16,제2장 디렉터리 이동과 경로 확인,경로 기호,전수 검토 후 학습하기 재매칭,"실제 문제 코드/지문 기준으로 핵심 개념, 예시, 풀이 순서, 자주 하는 실수를 다시 맞춤",문제와 같은 코드·숫자·문자열을 그대로 반복하지 않고 같은 개념의 다른 예시 사용,3,3
LINUX,17,제2장 디렉터리 이동과 경로 확인,파일·디렉터리 조작,전수 검토 후 학습하기 재매칭,"실제 문제 코드/지문 기준으로 핵심 개념, 예시, 풀이 순서, 자주 하는 실수를 다시 맞춤",문제와 같은 코드·숫자·문자열을 그대로 반복하지 않고 같은 개념의 다른 예시 사용,3,3
LINUX,18,제2장 디렉터리 이동과 경로 확인,파일·디렉터리 조작,전수 검토 후 학습하기 재매칭,"실제 문제 코드/지문 기준으로 핵심 개념, 예시, 풀이 순서, 자주 하는 실수를 다시 맞춤",문제와 같은 코드·숫자·문자열을 그대로 반복하지 않고 같은 개념의 다른 예시 사용,3,3
LINUX,19,제2장 디렉터리 이동과 경로 확인,파일·디렉터리 조작,전수 검토 후 학습하기 재매칭,"실제 문제 코드/지문 기준으로 핵심 개념, 예시, 풀이 순서, 자주 하는 실수를 다시 맞춤",문제와 같은 코드·숫자·문자열을 그대로 반복하지 않고 같은 개념의 다른 예시 사용,3,3
LINUX,20,제2장 디렉터리 이동과 경로 확인,경로 기호,전수 검토 후 학습하기 재매칭,"실제 문제 코드/지문 기준으로 핵심 개념, 예시, 풀이 순서, 자주 하는 실수를 다시 맞춤",문제와 같은 코드·숫자·문자열을 그대로 반복하지 않고 같은 개념의 다른 예시 사용,3,3
LINUX,21,제3장 절대경로와 상대경로,경로와 디렉터리 이동,전수 검토 후 학습하기 재매칭,"실제 문제 코드/지문 기준으로 핵심 개념, 예시, 풀이 순서, 자주 하는 실수를 다시 맞춤",문제와 같은 코드·숫자·문자열을 그대로 반복하지 않고 같은 개념의 다른 예시 사용,2,3
LINUX,22,제3장 절대경로와 상대경로,경로와 디렉터리 이동,전수 검토 후 학습하기 재매칭,"실제 문제 코드/지문 기준으로 핵심 개념, 예시, 풀이 순서, 자주 하는 실수를 다시 맞춤",문제와 같은 코드·숫자·문자열을 그대로 반복하지 않고 같은 개념의 다른 예시 사용,2,3
LINUX,23,제3장 절대경로와 상대경로,경로와 디렉터리 이동,전수 검토 후 학습하기 재매칭,"실제 문제 코드/지문 기준으로 핵심 개념, 예시, 풀이 순서, 자주 하는 실수를 다시 맞춤",문제와 같은 코드·숫자·문자열을 그대로 반복하지 않고 같은 개념의 다른 예시 사용,2,3
LINUX,24,제3장 절대경로와 상대경로,경로와 디렉터리 이동,전수 검토 후 학습하기 재매칭,"실제 문제 코드/지문 기준으로 핵심 개념, 예시, 풀이 순서, 자주 하는 실수를 다시 맞춤",문제와 같은 코드·숫자·문자열을 그대로 반복하지 않고 같은 개념의 다른 예시 사용,2,3
LINUX,25,제3장 절대경로와 상대경로,경로와 디렉터리 이동,전수 검토 후 학습하기 재매칭,"실제 문제 코드/지문 기준으로 핵심 개념, 예시, 풀이 순서, 자주 하는 실수를 다시 맞춤",문제와 같은 코드·숫자·문자열을 그대로 반복하지 않고 같은 개념의 다른 예시 사용,2,3
LINUX,26,제3장 절대경로와 상대경로,경로와 디렉터리 이동,전수 검토 후 학습하기 재매칭,"실제 문제 코드/지문 기준으로 핵심 개념, 예시, 풀이 순서, 자주 하는 실수를 다시 맞춤",문제와 같은 코드·숫자·문자열을 그대로 반복하지 않고 같은 개념의 다른 예시 사용,2,3
LINUX,27,제3장 절대경로와 상대경로,경로와 디렉터리 이동,전수 검토 후 학습하기 재매칭,"실제 문제 코드/지문 기준으로 핵심 개념, 예시, 풀이 순서, 자주 하는 실수를 다시 맞춤",문제와 같은 코드·숫자·문자열을 그대로 반복하지 않고 같은 개념의 다른 예시 사용,2,3
LINUX,28,제3장 절대경로와 상대경로,경로와 디렉터리 이동,전수 검토 후 학습하기 재매칭,"실제 문제 코드/지문 기준으로 핵심 개념, 예시, 풀이 순서, 자주 하는 실수를 다시 맞춤",문제와 같은 코드·숫자·문자열을 그대로 반복하지 않고 같은 개념의 다른 예시 사용,2,3
LINUX,29,제3장 절대경로와 상대경로,경로와 디렉터리 이동,전수 검토 후 학습하기 재매칭,"실제 문제 코드/지문 기준으로 핵심 개념, 예시, 풀이 순서, 자주 하는 실수를 다시 맞춤",문제와 같은 코드·숫자·문자열을 그대로 반복하지 않고 같은 개념의 다른 예시 사용,2,3
LINUX,30,제3장 절대경로와 상대경로,경로 기호,전수 검토 후 학습하기 재매칭,"실제 문제 코드/지문 기준으로 핵심 개념, 예시, 풀이 순서, 자주 하는 실수를 다시 맞춤",문제와 같은 코드·숫자·문자열을 그대로 반복하지 않고 같은 개념의 다른 예시 사용,3,3
LINUX,31,제4장 파일·디렉터리 조회,파일·디렉터리 조회,전수 검토 후 학습하기 재매칭,"실제 문제 코드/지문 기준으로 핵심 개념, 예시, 풀이 순서, 자주 하는 실수를 다시 맞춤",문제와 같은 코드·숫자·문자열을 그대로 반복하지 않고 같은 개념의 다른 예시 사용,2,3
LINUX,32,제4장 파일·디렉터리 조회,경로 기호,전수 검토 후 학습하기 재매칭,"실제 문제 코드/지문 기준으로 핵심 개념, 예시, 풀이 순서, 자주 하는 실수를 다시 맞춤",문제와 같은 코드·숫자·문자열을 그대로 반복하지 않고 같은 개념의 다른 예시 사용,3,3
LINUX,33,제4장 파일·디렉터리 조회,경로 기호,전수 검토 후 학습하기 재매칭,"실제 문제 코드/지문 기준으로 핵심 개념, 예시, 풀이 순서, 자주 하는 실수를 다시 맞춤",문제와 같은 코드·숫자·문자열을 그대로 반복하지 않고 같은 개념의 다른 예시 사용,3,3
LINUX,34,제4장 파일·디렉터리 조회,파일·디렉터리 조회,전수 검토 후 학습하기 재매칭,"실제 문제 코드/지문 기준으로 핵심 개념, 예시, 풀이 순서, 자주 하는 실수를 다시 맞춤",문제와 같은 코드·숫자·문자열을 그대로 반복하지 않고 같은 개념의 다른 예시 사용,2,3
LINUX,35,제4장 파일·디렉터리 조회,파일·디렉터리 조회,전수 검토 후 학습하기 재매칭,"실제 문제 코드/지문 기준으로 핵심 개념, 예시, 풀이 순서, 자주 하는 실수를 다시 맞춤",문제와 같은 코드·숫자·문자열을 그대로 반복하지 않고 같은 개념의 다른 예시 사용,2,3
LINUX,36,제4장 파일·디렉터리 조회,경로 기호,전수 검토 후 학습하기 재매칭,"실제 문제 코드/지문 기준으로 핵심 개념, 예시, 풀이 순서, 자주 하는 실수를 다시 맞춤",문제와 같은 코드·숫자·문자열을 그대로 반복하지 않고 같은 개념의 다른 예시 사용,3,3
LINUX,37,제4장 파일·디렉터리 조회,파일·디렉터리 조회,전수 검토 후 학습하기 재매칭,"실제 문제 코드/지문 기준으로 핵심 개념, 예시, 풀이 순서, 자주 하는 실수를 다시 맞춤",문제와 같은 코드·숫자·문자열을 그대로 반복하지 않고 같은 개념의 다른 예시 사용,2,3
LINUX,38,제4장 파일·디렉터리 조회,파일·디렉터리 조회,전수 검토 후 학습하기 재매칭,"실제 문제 코드/지문 기준으로 핵심 개념, 예시, 풀이 순서, 자주 하는 실수를 다시 맞춤",문제와 같은 코드·숫자·문자열을 그대로 반복하지 않고 같은 개념의 다른 예시 사용,2,3
LINUX,39,제4장 파일·디렉터리 조회,파일·디렉터리 조회,전수 검토 후 학습하기 재매칭,"실제 문제 코드/지문 기준으로 핵심 개념, 예시, 풀이 순서, 자주 하는 실수를 다시 맞춤",문제와 같은 코드·숫자·문자열을 그대로 반복하지 않고 같은 개념의 다른 예시 사용,2,3
LINUX,40,제4장 파일·디렉터리 조회,경로 기호,전수 검토 후 학습하기 재매칭,"실제 문제 코드/지문 기준으로 핵심 개념, 예시, 풀이 순서, 자주 하는 실수를 다시 맞춤",문제와 같은 코드·숫자·문자열을 그대로 반복하지 않고 같은 개념의 다른 예시 사용,3,3
LINUX,41,제5장 파일·디렉터리 생성·복사·이동·삭제,파일·디렉터리 조작,전수 검토 후 학습하기 재매칭,"실제 문제 코드/지문 기준으로 핵심 개념, 예시, 풀이 순서, 자주 하는 실수를 다시 맞춤",문제와 같은 코드·숫자·문자열을 그대로 반복하지 않고 같은 개념의 다른 예시 사용,3,3
LINUX,42,제5장 파일·디렉터리 생성·복사·이동·삭제,파일·디렉터리 조작,전수 검토 후 학습하기 재매칭,"실제 문제 코드/지문 기준으로 핵심 개념, 예시, 풀이 순서, 자주 하는 실수를 다시 맞춤",문제와 같은 코드·숫자·문자열을 그대로 반복하지 않고 같은 개념의 다른 예시 사용,3,3
LINUX,43,제5장 파일·디렉터리 생성·복사·이동·삭제,파일·디렉터리 조작,전수 검토 후 학습하기 재매칭,"실제 문제 코드/지문 기준으로 핵심 개념, 예시, 풀이 순서, 자주 하는 실수를 다시 맞춤",문제와 같은 코드·숫자·문자열을 그대로 반복하지 않고 같은 개념의 다른 예시 사용,3,3
LINUX,44,제5장 파일·디렉터리 생성·복사·이동·삭제,파일·디렉터리 조작,전수 검토 후 학습하기 재매칭,"실제 문제 코드/지문 기준으로 핵심 개념, 예시, 풀이 순서, 자주 하는 실수를 다시 맞춤",문제와 같은 코드·숫자·문자열을 그대로 반복하지 않고 같은 개념의 다른 예시 사용,3,3
LINUX,45,제5장 파일·디렉터리 생성·복사·이동·삭제,파일·디렉터리 조작,전수 검토 후 학습하기 재매칭,"실제 문제 코드/지문 기준으로 핵심 개념, 예시, 풀이 순서, 자주 하는 실수를 다시 맞춤",문제와 같은 코드·숫자·문자열을 그대로 반복하지 않고 같은 개념의 다른 예시 사용,3,3
LINUX,46,제5장 파일·디렉터리 생성·복사·이동·삭제,파일 내용 확인,전수 검토 후 학습하기 재매칭,"실제 문제 코드/지문 기준으로 핵심 개념, 예시, 풀이 순서, 자주 하는 실수를 다시 맞춤",문제와 같은 코드·숫자·문자열을 그대로 반복하지 않고 같은 개념의 다른 예시 사용,3,3
LINUX,47,제5장 파일·디렉터리 생성·복사·이동·삭제,파일·디렉터리 조작,전수 검토 후 학습하기 재매칭,"실제 문제 코드/지문 기준으로 핵심 개념, 예시, 풀이 순서, 자주 하는 실수를 다시 맞춤",문제와 같은 코드·숫자·문자열을 그대로 반복하지 않고 같은 개념의 다른 예시 사용,3,3
LINUX,48,제5장 파일·디렉터리 생성·복사·이동·삭제,파일·디렉터리 조작,전수 검토 후 학습하기 재매칭,"실제 문제 코드/지문 기준으로 핵심 개념, 예시, 풀이 순서, 자주 하는 실수를 다시 맞춤",문제와 같은 코드·숫자·문자열을 그대로 반복하지 않고 같은 개념의 다른 예시 사용,3,3
LINUX,49,제5장 파일·디렉터리 생성·복사·이동·삭제,파일·디렉터리 조작,전수 검토 후 학습하기 재매칭,"실제 문제 코드/지문 기준으로 핵심 개념, 예시, 풀이 순서, 자주 하는 실수를 다시 맞춤",문제와 같은 코드·숫자·문자열을 그대로 반복하지 않고 같은 개념의 다른 예시 사용,3,3
LINUX,50,제5장 파일·디렉터리 생성·복사·이동·삭제,파일·디렉터리 조작,전수 검토 후 학습하기 재매칭,"실제 문제 코드/지문 기준으로 핵심 개념, 예시, 풀이 순서, 자주 하는 실수를 다시 맞춤",문제와 같은 코드·숫자·문자열을 그대로 반복하지 않고 같은 개념의 다른 예시 사용,3,3
LINUX,51,제6장 파일 내용 확인 명령어,파일 내용 확인,전수 검토 후 학습하기 재매칭,"실제 문제 코드/지문 기준으로 핵심 개념, 예시, 풀이 순서, 자주 하는 실수를 다시 맞춤",문제와 같은 코드·숫자·문자열을 그대로 반복하지 않고 같은 개념의 다른 예시 사용,3,3
LINUX,52,제6장 파일 내용 확인 명령어,파일 내용 확인,전수 검토 후 학습하기 재매칭,"실제 문제 코드/지문 기준으로 핵심 개념, 예시, 풀이 순서, 자주 하는 실수를 다시 맞춤",문제와 같은 코드·숫자·문자열을 그대로 반복하지 않고 같은 개념의 다른 예시 사용,3,3
LINUX,53,제6장 파일 내용 확인 명령어,파일 내용 확인,전수 검토 후 학습하기 재매칭,"실제 문제 코드/지문 기준으로 핵심 개념, 예시, 풀이 순서, 자주 하는 실수를 다시 맞춤",문제와 같은 코드·숫자·문자열을 그대로 반복하지 않고 같은 개념의 다른 예시 사용,3,3
LINUX,54,제6장 파일 내용 확인 명령어,파일 내용 확인,전수 검토 후 학습하기 재매칭,"실제 문제 코드/지문 기준으로 핵심 개념, 예시, 풀이 순서, 자주 하는 실수를 다시 맞춤",문제와 같은 코드·숫자·문자열을 그대로 반복하지 않고 같은 개념의 다른 예시 사용,3,3
LINUX,55,제6장 파일 내용 확인 명령어,파일 내용 확인,전수 검토 후 학습하기 재매칭,"실제 문제 코드/지문 기준으로 핵심 개념, 예시, 풀이 순서, 자주 하는 실수를 다시 맞춤",문제와 같은 코드·숫자·문자열을 그대로 반복하지 않고 같은 개념의 다른 예시 사용,3,3
LINUX,56,제6장 파일 내용 확인 명령어,파일 내용 확인,전수 검토 후 학습하기 재매칭,"실제 문제 코드/지문 기준으로 핵심 개념, 예시, 풀이 순서, 자주 하는 실수를 다시 맞춤",문제와 같은 코드·숫자·문자열을 그대로 반복하지 않고 같은 개념의 다른 예시 사용,3,3
LINUX,57,제6장 파일 내용 확인 명령어,파일 내용 확인,전수 검토 후 학습하기 재매칭,"실제 문제 코드/지문 기준으로 핵심 개념, 예시, 풀이 순서, 자주 하는 실수를 다시 맞춤",문제와 같은 코드·숫자·문자열을 그대로 반복하지 않고 같은 개념의 다른 예시 사용,3,3
LINUX,58,제6장 파일 내용 확인 명령어,파일 내용 확인,전수 검토 후 학습하기 재매칭,"실제 문제 코드/지문 기준으로 핵심 개념, 예시, 풀이 순서, 자주 하는 실수를 다시 맞춤",문제와 같은 코드·숫자·문자열을 그대로 반복하지 않고 같은 개념의 다른 예시 사용,3,3
LINUX,59,제6장 파일 내용 확인 명령어,파일 내용 확인,전수 검토 후 학습하기 재매칭,"실제 문제 코드/지문 기준으로 핵심 개념, 예시, 풀이 순서, 자주 하는 실수를 다시 맞춤",문제와 같은 코드·숫자·문자열을 그대로 반복하지 않고 같은 개념의 다른 예시 사용,3,3
LINUX,60,제6장 파일 내용 확인 명령어,파일 내용 확인,전수 검토 후 학습하기 재매칭,"실제 문제 코드/지문 기준으로 핵심 개념, 예시, 풀이 순서, 자주 하는 실수를 다시 맞춤",문제와 같은 코드·숫자·문자열을 그대로 반복하지 않고 같은 개념의 다른 예시 사용,3,3
LINUX,61,제7장 권한과 chmod,권한과 chmod,전수 검토 후 학습하기 재매칭,"실제 문제 코드/지문 기준으로 핵심 개념, 예시, 풀이 순서, 자주 하는 실수를 다시 맞춤",문제와 같은 코드·숫자·문자열을 그대로 반복하지 않고 같은 개념의 다른 예시 사용,2,3
LINUX,62,제7장 권한과 chmod,권한과 chmod,전수 검토 후 학습하기 재매칭,"실제 문제 코드/지문 기준으로 핵심 개념, 예시, 풀이 순서, 자주 하는 실수를 다시 맞춤",문제와 같은 코드·숫자·문자열을 그대로 반복하지 않고 같은 개념의 다른 예시 사용,2,3
LINUX,63,제7장 권한과 chmod,권한과 chmod,전수 검토 후 학습하기 재매칭,"실제 문제 코드/지문 기준으로 핵심 개념, 예시, 풀이 순서, 자주 하는 실수를 다시 맞춤",문제와 같은 코드·숫자·문자열을 그대로 반복하지 않고 같은 개념의 다른 예시 사용,2,3
LINUX,64,제7장 권한과 chmod,권한과 chmod,전수 검토 후 학습하기 재매칭,"실제 문제 코드/지문 기준으로 핵심 개념, 예시, 풀이 순서, 자주 하는 실수를 다시 맞춤",문제와 같은 코드·숫자·문자열을 그대로 반복하지 않고 같은 개념의 다른 예시 사용,2,3
LINUX,65,제7장 권한과 chmod,권한과 chmod,전수 검토 후 학습하기 재매칭,"실제 문제 코드/지문 기준으로 핵심 개념, 예시, 풀이 순서, 자주 하는 실수를 다시 맞춤",문제와 같은 코드·숫자·문자열을 그대로 반복하지 않고 같은 개념의 다른 예시 사용,2,3
LINUX,66,제7장 권한과 chmod,권한과 chmod,전수 검토 후 학습하기 재매칭,"실제 문제 코드/지문 기준으로 핵심 개념, 예시, 풀이 순서, 자주 하는 실수를 다시 맞춤",문제와 같은 코드·숫자·문자열을 그대로 반복하지 않고 같은 개념의 다른 예시 사용,2,3
LINUX,67,제7장 권한과 chmod,권한과 chmod,전수 검토 후 학습하기 재매칭,"실제 문제 코드/지문 기준으로 핵심 개념, 예시, 풀이 순서, 자주 하는 실수를 다시 맞춤",문제와 같은 코드·숫자·문자열을 그대로 반복하지 않고 같은 개념의 다른 예시 사용,2,3
LINUX,68,제7장 권한과 chmod,권한과 chmod,전수 검토 후 학습하기 재매칭,"실제 문제 코드/지문 기준으로 핵심 개념, 예시, 풀이 순서, 자주 하는 실수를 다시 맞춤",문제와 같은 코드·숫자·문자열을 그대로 반복하지 않고 같은 개념의 다른 예시 사용,2,3
LINUX,69,제7장 권한과 chmod,권한과 chmod,전수 검토 후 학습하기 재매칭,"실제 문제 코드/지문 기준으로 핵심 개념, 예시, 풀이 순서, 자주 하는 실수를 다시 맞춤",문제와 같은 코드·숫자·문자열을 그대로 반복하지 않고 같은 개념의 다른 예시 사용,2,3
LINUX,70,제7장 권한과 chmod,권한과 chmod,전수 검토 후 학습하기 재매칭,"실제 문제 코드/지문 기준으로 핵심 개념, 예시, 풀이 순서, 자주 하는 실수를 다시 맞춤",문제와 같은 코드·숫자·문자열을 그대로 반복하지 않고 같은 개념의 다른 예시 사용,2,3
LINUX,71,제8장 관리자 권한·도움말·환경 변수,권한과 chmod,전수 검토 후 학습하기 재매칭,"실제 문제 코드/지문 기준으로 핵심 개념, 예시, 풀이 순서, 자주 하는 실수를 다시 맞춤",문제와 같은 코드·숫자·문자열을 그대로 반복하지 않고 같은 개념의 다른 예시 사용,2,3
LINUX,72,제8장 관리자 권한·도움말·환경 변수,권한과 chmod,전수 검토 후 학습하기 재매칭,"실제 문제 코드/지문 기준으로 핵심 개념, 예시, 풀이 순서, 자주 하는 실수를 다시 맞춤",문제와 같은 코드·숫자·문자열을 그대로 반복하지 않고 같은 개념의 다른 예시 사용,2,3
LINUX,73,제8장 관리자 권한·도움말·환경 변수,권한과 chmod,전수 검토 후 학습하기 재매칭,"실제 문제 코드/지문 기준으로 핵심 개념, 예시, 풀이 순서, 자주 하는 실수를 다시 맞춤",문제와 같은 코드·숫자·문자열을 그대로 반복하지 않고 같은 개념의 다른 예시 사용,2,3
LINUX,74,제8장 관리자 권한·도움말·환경 변수,권한과 chmod,전수 검토 후 학습하기 재매칭,"실제 문제 코드/지문 기준으로 핵심 개념, 예시, 풀이 순서, 자주 하는 실수를 다시 맞춤",문제와 같은 코드·숫자·문자열을 그대로 반복하지 않고 같은 개념의 다른 예시 사용,2,3
LINUX,75,제8장 관리자 권한·도움말·환경 변수,권한과 chmod,전수 검토 후 학습하기 재매칭,"실제 문제 코드/지문 기준으로 핵심 개념, 예시, 풀이 순서, 자주 하는 실수를 다시 맞춤",문제와 같은 코드·숫자·문자열을 그대로 반복하지 않고 같은 개념의 다른 예시 사용,2,3
LINUX,76,제8장 관리자 권한·도움말·환경 변수,권한과 chmod,전수 검토 후 학습하기 재매칭,"실제 문제 코드/지문 기준으로 핵심 개념, 예시, 풀이 순서, 자주 하는 실수를 다시 맞춤",문제와 같은 코드·숫자·문자열을 그대로 반복하지 않고 같은 개념의 다른 예시 사용,2,3
LINUX,77,제8장 관리자 권한·도움말·환경 변수,권한과 chmod,전수 검토 후 학습하기 재매칭,"실제 문제 코드/지문 기준으로 핵심 개념, 예시, 풀이 순서, 자주 하는 실수를 다시 맞춤",문제와 같은 코드·숫자·문자열을 그대로 반복하지 않고 같은 개념의 다른 예시 사용,2,3
LINUX,78,제8장 관리자 권한·도움말·환경 변수,권한과 chmod,전수 검토 후 학습하기 재매칭,"실제 문제 코드/지문 기준으로 핵심 개념, 예시, 풀이 순서, 자주 하는 실수를 다시 맞춤",문제와 같은 코드·숫자·문자열을 그대로 반복하지 않고 같은 개념의 다른 예시 사용,2,3
LINUX,79,제8장 관리자 권한·도움말·환경 변수,권한과 chmod,전수 검토 후 학습하기 재매칭,"실제 문제 코드/지문 기준으로 핵심 개념, 예시, 풀이 순서, 자주 하는 실수를 다시 맞춤",문제와 같은 코드·숫자·문자열을 그대로 반복하지 않고 같은 개념의 다른 예시 사용,2,3
LINUX,80,제8장 관리자 권한·도움말·환경 변수,권한과 chmod,전수 검토 후 학습하기 재매칭,"실제 문제 코드/지문 기준으로 핵심 개념, 예시, 풀이 순서, 자주 하는 실수를 다시 맞춤",문제와 같은 코드·숫자·문자열을 그대로 반복하지 않고 같은 개념의 다른 예시 사용,2,3
LINUX,81,제9장 프로세스·디스크·네트워크 기본 명령어,프로세스·디스크·네트워크,전수 검토 후 학습하기 재매칭,"실제 문제 코드/지문 기준으로 핵심 개념, 예시, 풀이 순서, 자주 하는 실수를 다시 맞춤",문제와 같은 코드·숫자·문자열을 그대로 반복하지 않고 같은 개념의 다른 예시 사용,3,3
LINUX,82,제9장 프로세스·디스크·네트워크 기본 명령어,프로세스·디스크·네트워크,전수 검토 후 학습하기 재매칭,"실제 문제 코드/지문 기준으로 핵심 개념, 예시, 풀이 순서, 자주 하는 실수를 다시 맞춤",문제와 같은 코드·숫자·문자열을 그대로 반복하지 않고 같은 개념의 다른 예시 사용,3,3
LINUX,83,제9장 프로세스·디스크·네트워크 기본 명령어,프로세스·디스크·네트워크,전수 검토 후 학습하기 재매칭,"실제 문제 코드/지문 기준으로 핵심 개념, 예시, 풀이 순서, 자주 하는 실수를 다시 맞춤",문제와 같은 코드·숫자·문자열을 그대로 반복하지 않고 같은 개념의 다른 예시 사용,3,3
LINUX,84,제9장 프로세스·디스크·네트워크 기본 명령어,프로세스·디스크·네트워크,전수 검토 후 학습하기 재매칭,"실제 문제 코드/지문 기준으로 핵심 개념, 예시, 풀이 순서, 자주 하는 실수를 다시 맞춤",문제와 같은 코드·숫자·문자열을 그대로 반복하지 않고 같은 개념의 다른 예시 사용,3,3
LINUX,85,제9장 프로세스·디스크·네트워크 기본 명령어,프로세스·디스크·네트워크,전수 검토 후 학습하기 재매칭,"실제 문제 코드/지문 기준으로 핵심 개념, 예시, 풀이 순서, 자주 하는 실수를 다시 맞춤",문제와 같은 코드·숫자·문자열을 그대로 반복하지 않고 같은 개념의 다른 예시 사용,3,3
LINUX,86,제9장 프로세스·디스크·네트워크 기본 명령어,프로세스·디스크·네트워크,전수 검토 후 학습하기 재매칭,"실제 문제 코드/지문 기준으로 핵심 개념, 예시, 풀이 순서, 자주 하는 실수를 다시 맞춤",문제와 같은 코드·숫자·문자열을 그대로 반복하지 않고 같은 개념의 다른 예시 사용,3,3
LINUX,87,제9장 프로세스·디스크·네트워크 기본 명령어,프로세스·디스크·네트워크,전수 검토 후 학습하기 재매칭,"실제 문제 코드/지문 기준으로 핵심 개념, 예시, 풀이 순서, 자주 하는 실수를 다시 맞춤",문제와 같은 코드·숫자·문자열을 그대로 반복하지 않고 같은 개념의 다른 예시 사용,3,3
LINUX,88,제9장 프로세스·디스크·네트워크 기본 명령어,프로세스·디스크·네트워크,전수 검토 후 학습하기 재매칭,"실제 문제 코드/지문 기준으로 핵심 개념, 예시, 풀이 순서, 자주 하는 실수를 다시 맞춤",문제와 같은 코드·숫자·문자열을 그대로 반복하지 않고 같은 개념의 다른 예시 사용,3,3
LINUX,89,제9장 프로세스·디스크·네트워크 기본 명령어,프로세스·디스크·네트워크,전수 검토 후 학습하기 재매칭,"실제 문제 코드/지문 기준으로 핵심 개념, 예시, 풀이 순서, 자주 하는 실수를 다시 맞춤",문제와 같은 코드·숫자·문자열을 그대로 반복하지 않고 같은 개념의 다른 예시 사용,3,3
LINUX,90,제9장 프로세스·디스크·네트워크 기본 명령어,프로세스·디스크·네트워크,전수 검토 후 학습하기 재매칭,"실제 문제 코드/지문 기준으로 핵심 개념, 예시, 풀이 순서, 자주 하는 실수를 다시 맞춤",문제와 같은 코드·숫자·문자열을 그대로 반복하지 않고 같은 개념의 다른 예시 사용,3,3
LINUX,91,제10장 실전 혼합 문제,파일 내용 확인,전수 검토 후 학습하기 재매칭,"실제 문제 코드/지문 기준으로 핵심 개념, 예시, 풀이 순서, 자주 하는 실수를 다시 맞춤",문제와 같은 코드·숫자·문자열을 그대로 반복하지 않고 같은 개념의 다른 예시 사용,3,3
LINUX,92,제10장 실전 혼합 문제,경로와 디렉터리 이동,전수 검토 후 학습하기 재매칭,"실제 문제 코드/지문 기준으로 핵심 개념, 예시, 풀이 순서, 자주 하는 실수를 다시 맞춤",문제와 같은 코드·숫자·문자열을 그대로 반복하지 않고 같은 개념의 다른 예시 사용,2,3
LINUX,93,제10장 실전 혼합 문제,파일·디렉터리 조작,전수 검토 후 학습하기 재매칭,"실제 문제 코드/지문 기준으로 핵심 개념, 예시, 풀이 순서, 자주 하는 실수를 다시 맞춤",문제와 같은 코드·숫자·문자열을 그대로 반복하지 않고 같은 개념의 다른 예시 사용,3,3
LINUX,94,제10장 실전 혼합 문제,권한과 chmod,전수 검토 후 학습하기 재매칭,"실제 문제 코드/지문 기준으로 핵심 개념, 예시, 풀이 순서, 자주 하는 실수를 다시 맞춤",문제와 같은 코드·숫자·문자열을 그대로 반복하지 않고 같은 개념의 다른 예시 사용,2,3
LINUX,95,제10장 실전 혼합 문제,파일 내용 확인,전수 검토 후 학습하기 재매칭,"실제 문제 코드/지문 기준으로 핵심 개념, 예시, 풀이 순서, 자주 하는 실수를 다시 맞춤",문제와 같은 코드·숫자·문자열을 그대로 반복하지 않고 같은 개념의 다른 예시 사용,3,3
LINUX,96,제10장 실전 혼합 문제,기본 명령어,전수 검토 후 학습하기 재매칭,"실제 문제 코드/지문 기준으로 핵심 개념, 예시, 풀이 순서, 자주 하는 실수를 다시 맞춤",문제와 같은 코드·숫자·문자열을 그대로 반복하지 않고 같은 개념의 다른 예시 사용,2,3
LINUX,97,제10장 실전 혼합 문제,파일 내용 확인,전수 검토 후 학습하기 재매칭,"실제 문제 코드/지문 기준으로 핵심 개념, 예시, 풀이 순서, 자주 하는 실수를 다시 맞춤",문제와 같은 코드·숫자·문자열을 그대로 반복하지 않고 같은 개념의 다른 예시 사용,3,3
LINUX,98,제10장 실전 혼합 문제,권한과 chmod,전수 검토 후 학습하기 재매칭,"실제 문제 코드/지문 기준으로 핵심 개념, 예시, 풀이 순서, 자주 하는 실수를 다시 맞춤",문제와 같은 코드·숫자·문자열을 그대로 반복하지 않고 같은 개념의 다른 예시 사용,2,3
LINUX,99,제10장 실전 혼합 문제,관리자·도움말·환경 변수,전수 검토 후 학습하기 재매칭,"실제 문제 코드/지문 기준으로 핵심 개념, 예시, 풀이 순서, 자주 하는 실수를 다시 맞춤",문제와 같은 코드·숫자·문자열을 그대로 반복하지 않고 같은 개념의 다른 예시 사용,3,3
LINUX,100,제10장 실전 혼합 문제,파일·디렉터리 조작,전수 검토 후 학습하기 재매칭,"실제 문제 코드/지문 기준으로 핵심 개념, 예시, 풀이 순서, 자주 하는 실수를 다시 맞춤",문제와 같은 코드·숫자·문자열을 그대로 반복하지 않고 같은 개념의 다른 예시 사용,3,3
LINUX,101,제11장 경로 계산 강화,경로와 디렉터리 이동,전수 검토 후 학습하기 재매칭,"실제 문제 코드/지문 기준으로 핵심 개념, 예시, 풀이 순서, 자주 하는 실수를 다시 맞춤",문제와 같은 코드·숫자·문자열을 그대로 반복하지 않고 같은 개념의 다른 예시 사용,2,3
LINUX,102,제11장 경로 계산 강화,경로와 디렉터리 이동,전수 검토 후 학습하기 재매칭,"실제 문제 코드/지문 기준으로 핵심 개념, 예시, 풀이 순서, 자주 하는 실수를 다시 맞춤",문제와 같은 코드·숫자·문자열을 그대로 반복하지 않고 같은 개념의 다른 예시 사용,2,3
LINUX,103,제11장 경로 계산 강화,경로와 디렉터리 이동,전수 검토 후 학습하기 재매칭,"실제 문제 코드/지문 기준으로 핵심 개념, 예시, 풀이 순서, 자주 하는 실수를 다시 맞춤",문제와 같은 코드·숫자·문자열을 그대로 반복하지 않고 같은 개념의 다른 예시 사용,2,3
LINUX,104,제11장 경로 계산 강화,경로와 디렉터리 이동,전수 검토 후 학습하기 재매칭,"실제 문제 코드/지문 기준으로 핵심 개념, 예시, 풀이 순서, 자주 하는 실수를 다시 맞춤",문제와 같은 코드·숫자·문자열을 그대로 반복하지 않고 같은 개념의 다른 예시 사용,2,3
LINUX,105,제11장 경로 계산 강화,경로와 디렉터리 이동,전수 검토 후 학습하기 재매칭,"실제 문제 코드/지문 기준으로 핵심 개념, 예시, 풀이 순서, 자주 하는 실수를 다시 맞춤",문제와 같은 코드·숫자·문자열을 그대로 반복하지 않고 같은 개념의 다른 예시 사용,2,3
LINUX,106,제11장 경로 계산 강화,경로와 디렉터리 이동,전수 검토 후 학습하기 재매칭,"실제 문제 코드/지문 기준으로 핵심 개념, 예시, 풀이 순서, 자주 하는 실수를 다시 맞춤",문제와 같은 코드·숫자·문자열을 그대로 반복하지 않고 같은 개념의 다른 예시 사용,2,3
LINUX,107,제11장 경로 계산 강화,경로와 디렉터리 이동,전수 검토 후 학습하기 재매칭,"실제 문제 코드/지문 기준으로 핵심 개념, 예시, 풀이 순서, 자주 하는 실수를 다시 맞춤",문제와 같은 코드·숫자·문자열을 그대로 반복하지 않고 같은 개념의 다른 예시 사용,2,3
LINUX,108,제11장 경로 계산 강화,경로와 디렉터리 이동,전수 검토 후 학습하기 재매칭,"실제 문제 코드/지문 기준으로 핵심 개념, 예시, 풀이 순서, 자주 하는 실수를 다시 맞춤",문제와 같은 코드·숫자·문자열을 그대로 반복하지 않고 같은 개념의 다른 예시 사용,2,3
LINUX,109,제11장 경로 계산 강화,경로와 디렉터리 이동,전수 검토 후 학습하기 재매칭,"실제 문제 코드/지문 기준으로 핵심 개념, 예시, 풀이 순서, 자주 하는 실수를 다시 맞춤",문제와 같은 코드·숫자·문자열을 그대로 반복하지 않고 같은 개념의 다른 예시 사용,2,3
LINUX,110,제11장 경로 계산 강화,경로와 디렉터리 이동,전수 검토 후 학습하기 재매칭,"실제 문제 코드/지문 기준으로 핵심 개념, 예시, 풀이 순서, 자주 하는 실수를 다시 맞춤",문제와 같은 코드·숫자·문자열을 그대로 반복하지 않고 같은 개념의 다른 예시 사용,2,3
LINUX,111,제12장 권한·명령어 해석 강화,권한과 chmod,전수 검토 후 학습하기 재매칭,"실제 문제 코드/지문 기준으로 핵심 개념, 예시, 풀이 순서, 자주 하는 실수를 다시 맞춤",문제와 같은 코드·숫자·문자열을 그대로 반복하지 않고 같은 개념의 다른 예시 사용,2,3
LINUX,112,제12장 권한·명령어 해석 강화,권한과 chmod,전수 검토 후 학습하기 재매칭,"실제 문제 코드/지문 기준으로 핵심 개념, 예시, 풀이 순서, 자주 하는 실수를 다시 맞춤",문제와 같은 코드·숫자·문자열을 그대로 반복하지 않고 같은 개념의 다른 예시 사용,2,3
LINUX,113,제12장 권한·명령어 해석 강화,권한과 chmod,전수 검토 후 학습하기 재매칭,"실제 문제 코드/지문 기준으로 핵심 개념, 예시, 풀이 순서, 자주 하는 실수를 다시 맞춤",문제와 같은 코드·숫자·문자열을 그대로 반복하지 않고 같은 개념의 다른 예시 사용,2,3
LINUX,114,제12장 권한·명령어 해석 강화,권한과 chmod,전수 검토 후 학습하기 재매칭,"실제 문제 코드/지문 기준으로 핵심 개념, 예시, 풀이 순서, 자주 하는 실수를 다시 맞춤",문제와 같은 코드·숫자·문자열을 그대로 반복하지 않고 같은 개념의 다른 예시 사용,2,3
LINUX,115,제12장 권한·명령어 해석 강화,권한과 chmod,전수 검토 후 학습하기 재매칭,"실제 문제 코드/지문 기준으로 핵심 개념, 예시, 풀이 순서, 자주 하는 실수를 다시 맞춤",문제와 같은 코드·숫자·문자열을 그대로 반복하지 않고 같은 개념의 다른 예시 사용,2,3
LINUX,116,제12장 권한·명령어 해석 강화,파일 내용 확인,전수 검토 후 학습하기 재매칭,"실제 문제 코드/지문 기준으로 핵심 개념, 예시, 풀이 순서, 자주 하는 실수를 다시 맞춤",문제와 같은 코드·숫자·문자열을 그대로 반복하지 않고 같은 개념의 다른 예시 사용,3,3
LINUX,117,제12장 권한·명령어 해석 강화,파일 내용 확인,전수 검토 후 학습하기 재매칭,"실제 문제 코드/지문 기준으로 핵심 개념, 예시, 풀이 순서, 자주 하는 실수를 다시 맞춤",문제와 같은 코드·숫자·문자열을 그대로 반복하지 않고 같은 개념의 다른 예시 사용,3,3
LINUX,118,제12장 권한·명령어 해석 강화,파일 내용 확인,전수 검토 후 학습하기 재매칭,"실제 문제 코드/지문 기준으로 핵심 개념, 예시, 풀이 순서, 자주 하는 실수를 다시 맞춤",문제와 같은 코드·숫자·문자열을 그대로 반복하지 않고 같은 개념의 다른 예시 사용,3,3
LINUX,119,제12장 권한·명령어 해석 강화,파일 내용 확인,전수 검토 후 학습하기 재매칭,"실제 문제 코드/지문 기준으로 핵심 개념, 예시, 풀이 순서, 자주 하는 실수를 다시 맞춤",문제와 같은 코드·숫자·문자열을 그대로 반복하지 않고 같은 개념의 다른 예시 사용,3,3
LINUX,120,제12장 권한·명령어 해석 강화,프로세스·디스크·네트워크,전수 검토 후 학습하기 재매칭,"실제 문제 코드/지문 기준으로 핵심 개념, 예시, 풀이 순서, 자주 하는 실수를 다시 맞춤",문제와 같은 코드·숫자·문자열을 그대로 반복하지 않고 같은 개념의 다른 예시 사용,3,3
